BJD,mag,filter,instrument
2460068.737884565,0.0017067082,TESS,TESS
2460068.740199383,0.008197634,TESS,TESS
2460068.7425142005,0.01046027,TESS,TESS
2460068.7448290186,0.0035323147,TESS,TESS
2460068.7471438367,0.009352971,TESS,TESS
2460068.7494586543,0.009687293,TESS,TESS
2460068.7517734724,0.0016043028,TESS,TESS
2460068.7540882905,0.012882561,TESS,TESS
2460068.756403108,0.0057719667,TESS,TESS
2460068.758717926,0.01481439,TESS,TESS
2460068.761032744,0.0069410065,TESS,TESS
2460068.763347562,0.0100585595,TESS,TESS
2460068.7656623796,0.013131509,TESS,TESS
2460068.7679771977,0.010069011,TESS,TESS
2460068.7702920153,0.014463136,TESS,TESS
2460068.7726068334,0.00081862876,TESS,TESS
2460068.7749216515,0.0118217915,TESS,TESS
2460068.777236469,0.011360851,TESS,TESS
2460068.779551287,0.016904509,TESS,TESS
2460068.781866105,0.0056288443,TESS,TESS
2460068.784180923,0.011997796,TESS,TESS
2460068.7864957405,0.011633586,TESS,TESS
2460068.7888105586,0.010861671,TESS,TESS
2460068.7911253762,0.021806028,TESS,TESS
2460068.7934401943,0.015977383,TESS,TESS
2460068.795755012,0.022765175,TESS,TESS
2460068.79806983,0.026721817,TESS,TESS
2460068.8003846477,0.028356228,TESS,TESS
2460068.802699466,0.03461535,TESS,TESS
2460068.8050142834,0.045530893,TESS,TESS
2460068.8073291015,0.040578112,TESS,TESS
2460068.809643919,0.041867573,TESS,TESS
2460068.8119587367,0.05148703,TESS,TESS
2460068.814273555,0.05134006,TESS,TESS
2460068.8165883725,0.057162598,TESS,TESS
2460068.8189031905,0.062343873,TESS,TESS
2460074.786476413,-0.001239489,TESS,TESS
2460076.182299534,0.017623508,TESS,TESS
2460076.18461433,0.020069763,TESS,TESS
2460076.1869291267,0.010319468,TESS,TESS
2460080.971604991,0.0021386032,TESS,TESS
2460081.0341042993,0.011389757,TESS,TESS
2460081.0641965587,0.026139619,TESS,TESS
2460081.0757705043,0.034731876,TESS,TESS
2460081.2794719464,0.012389292,TESS,TESS
2460081.3188233604,0.0117881,TESS,TESS
2460081.3257677276,0.0032099409,TESS,TESS
2460081.3303973055,0.015195878,TESS,TESS
2460081.3466008287,0.007723173,TESS,TESS
2460081.362804352,0.0033421637,TESS,TESS
2460081.3720635083,0.005309684,TESS,TESS
2460081.3882670314,-0.007963149,TESS,TESS
2460081.4183592885,0.0015834987,TESS,TESS
2460081.4253036557,0.0018085401,TESS,TESS
2460081.432248023,-0.005357838,TESS,TESS
2460081.515580427,-0.013080923,TESS,TESS
2460081.5665057846,-0.016841868,TESS,TESS
2460081.5850240965,-0.008497511,TESS,TESS
2460081.5896536745,-0.019433912,TESS,TESS
2460081.5942832525,-0.015002149,TESS,TESS
2460081.6174311424,-0.02284514,TESS,TESS
2460081.624375509,-0.021856282,TESS,TESS
2460081.6405790322,-0.018617915,TESS,TESS
2460081.654467766,-0.015782729,TESS,TESS
2460081.6776156556,-0.032318823,TESS,TESS
2460081.6891896008,-0.021665486,TESS,TESS
2460081.6915043895,-0.022722073,TESS,TESS
2460081.6938191787,-0.022123398,TESS,TESS
2460081.6961339675,-0.012995238,TESS,TESS
2460081.6984487567,-0.015474239,TESS,TESS
2460081.7007635455,-0.02270268,TESS,TESS
2460081.7030783347,-0.016582757,TESS,TESS
2460081.7053931234,-0.023739394,TESS,TESS
2460081.707707912,-0.020989422,TESS,TESS
2460081.7100227014,-0.01675304,TESS,TESS
2460081.71233749,-0.027083743,TESS,TESS
2460081.7146522794,-0.020131018,TESS,TESS
2460081.716967068,-0.02446158,TESS,TESS
2460081.7192818574,-0.017716758,TESS,TESS
2460081.721596646,-0.024458796,TESS,TESS
2460081.7239114353,-0.018256905,TESS,TESS
2460081.726226224,-0.027037663,TESS,TESS
2460081.7285410133,-0.01466075,TESS,TESS
2460081.730855802,-0.016990194,TESS,TESS
2460081.7331705913,-0.019635146,TESS,TESS
2460081.73548538,-0.021171585,TESS,TESS
2460081.7378001693,-0.018935814,TESS,TESS
2460081.740114958,-0.01965167,TESS,TESS
2460081.7424297472,-0.022418087,TESS,TESS
2460081.744744536,-0.011335878,TESS,TESS
2460081.747059325,-0.021275409,TESS,TESS
2460081.749374114,-0.020127838,TESS,TESS
2460081.751688903,-0.022337321,TESS,TESS
2460081.754003692,-0.01945438,TESS,TESS
2460081.7563184807,-0.012182835,TESS,TESS
2460081.75863327,-0.012689283,TESS,TESS
2460081.7609480587,-0.025338951,TESS,TESS
2460081.763262848,-0.018621478,TESS,TESS
2460081.7655776367,-0.012439927,TESS,TESS
2460081.767892426,-0.013643576,TESS,TESS
2460081.7702072146,-0.009394802,TESS,TESS
2460081.772522004,-0.021670433,TESS,TESS
2460081.7748367926,-0.022642978,TESS,TESS
2460081.777151582,-0.013801669,TESS,TESS
2460081.7794663706,-0.021407012,TESS,TESS
2460081.78178116,-0.016947763,TESS,TESS
2460081.7840959486,-0.018002333,TESS,TESS
2460081.786410738,-0.015696874,TESS,TESS
2460081.7887255265,-0.016722962,TESS,TESS
2460081.7910403158,-0.015671743,TESS,TESS
2460081.7933551045,-0.013842308,TESS,TESS
2460081.7956698937,-0.011981622,TESS,TESS
2460081.7979846825,-0.018926658,TESS,TESS
2460081.8002994717,-0.010375581,TESS,TESS
2460081.8026142605,-0.007980108,TESS,TESS
2460081.8049290497,-0.019026626,TESS,TESS
2460081.8072438384,-0.006618887,TESS,TESS
2460081.809558627,-0.012208942,TESS,TESS
2460081.8118734164,-0.022444837,TESS,TESS
2460081.814188205,-0.014229186,TESS,TESS
2460081.8165029944,-0.007970472,TESS,TESS
2460081.818817783,-0.014351815,TESS,TESS
2460081.8211325724,-0.0074801985,TESS,TESS
2460081.823447361,-0.016524756,TESS,TESS
2460081.8257621503,-0.0135863125,TESS,TESS
2460081.828076939,-0.016564146,TESS,TESS
2460081.8303917283,-0.008396054,TESS,TESS
2460081.832706517,-0.008401705,TESS,TESS
2460081.8350213063,-0.011765649,TESS,TESS
2460081.837336095,-0.0064913947,TESS,TESS
2460081.8396508843,-0.0033500362,TESS,TESS
2460081.841965673,-0.010166726,TESS,TESS
2460081.8442804622,-0.010342376,TESS,TESS
2460081.846595251,-0.010230065,TESS,TESS
2460081.84891004,-0.0072416,TESS,TESS
2460081.851224829,-0.011570762,TESS,TESS
2460081.853539618,-0.004363361,TESS,TESS
2460081.855854407,-0.006173948,TESS,TESS
2460081.858169196,-0.011920944,TESS,TESS
2460081.860483985,-0.0069608963,TESS,TESS
2460081.862798774,-0.00907769,TESS,TESS
2460081.865113563,-0.0006679114,TESS,TESS
2460081.867428352,-0.00250507,TESS,TESS
2460081.869743141,-0.0059911846,TESS,TESS
2460081.87205793,-0.005757022,TESS,TESS
2460081.874372719,-0.0036966875,TESS,TESS
2460081.876687508,0.0016921246,TESS,TESS
2460081.879002297,-0.008705275,TESS,TESS
2460081.881317086,0.004711098,TESS,TESS
2460081.883631875,-0.0005460566,TESS,TESS
2460081.885946664,0.0018608535,TESS,TESS
2460081.888261453,-0.0025590458,TESS,TESS
2460081.890576242,0.0044669993,TESS,TESS
2460081.8928910308,0.0030584598,TESS,TESS
2460081.89520582,0.0021004116,TESS,TESS
2460081.8975206087,0.012181419,TESS,TESS
2460081.899835398,-0.0067449505,TESS,TESS
2460081.9021501867,0.0039357087,TESS,TESS
2460081.904464976,0.0034884259,TESS,TESS
2460081.9067797647,-8.542336e-06,TESS,TESS
2460081.909094554,0.0056480994,TESS,TESS
2460081.9114093427,0.005615314,TESS,TESS
2460081.913724132,0.003361768,TESS,TESS
2460081.9160389206,0.015460912,TESS,TESS
2460081.91835371,0.009768067,TESS,TESS
2460081.9206684986,0.013609846,TESS,TESS
2460081.922983288,0.0060544284,TESS,TESS
2460081.9252980766,0.0075211427,TESS,TESS
2460081.927612866,0.0073800054,TESS,TESS
2460081.9299276546,0.01933274,TESS,TESS
2460081.932242444,0.015426582,TESS,TESS
2460081.9345572325,0.0102755,TESS,TESS
2460081.9368720218,-0.0002152205,TESS,TESS
2460081.939186811,0.010295818,TESS,TESS
2460081.9415015997,0.010422111,TESS,TESS
2460081.943816389,0.0077040764,TESS,TESS
2460081.9461311777,0.008313967,TESS,TESS
2460081.948445967,0.006028072,TESS,TESS
2460081.9507607557,0.010728071,TESS,TESS
2460081.953075545,0.016245367,TESS,TESS
2460081.9553903337,0.0094162235,TESS,TESS
2460081.957705123,0.004340098,TESS,TESS
2460081.9600199116,0.015498986,TESS,TESS
2460081.962334701,0.011769978,TESS,TESS
2460081.9646494896,0.0062052216,TESS,TESS
2460081.966964279,0.0118807405,TESS,TESS
2460081.9692790676,0.0038445229,TESS,TESS
2460081.971593857,0.011438807,TESS,TESS
2460081.973908646,0.016357638,TESS,TESS
2460081.976223435,0.0073285983,TESS,TESS
2460081.978538224,0.011435012,TESS,TESS
2460081.9808530128,0.0046776254,TESS,TESS
2460081.983167802,0.009705903,TESS,TESS
2460081.9854825907,0.0060055563,TESS,TESS
2460081.98779738,0.0051328116,TESS,TESS
2460081.9901121687,0.0046093836,TESS,TESS
2460081.992426958,0.00901738,TESS,TESS
2460081.9947417467,0.009782042,TESS,TESS
2460081.997056536,0.008169075,TESS,TESS
2460081.9993713247,0.012509544,TESS,TESS
2460082.001686114,0.00925193,TESS,TESS
2460082.004000903,0.017802823,TESS,TESS
2460082.006315692,0.011173902,TESS,TESS
2460082.008630481,0.012817732,TESS,TESS
2460082.01094527,0.008726969,TESS,TESS
2460082.013260059,0.014742358,TESS,TESS
2460082.015574848,0.012317226,TESS,TESS
2460082.017889637,0.018310538,TESS,TESS
2460082.0202044263,0.014171528,TESS,TESS
2460082.022519215,0.010638536,TESS,TESS
2460082.024834004,0.008632576,TESS,TESS
2460082.027148793,0.009440899,TESS,TESS
2460082.029463582,0.009922512,TESS,TESS
2460082.031778371,0.010664481,TESS,TESS
2460082.03409316,0.008320684,TESS,TESS
2460082.0364079494,0.012764168,TESS,TESS
2460082.038722738,0.016273221,TESS,TESS
2460082.0410375274,0.015336984,TESS,TESS
2460082.043352316,0.01384762,TESS,TESS
2460082.0456671054,0.013466998,TESS,TESS
2460082.047981894,0.008952322,TESS,TESS
2460082.0502966833,0.020215988,TESS,TESS
2460082.0526114726,0.011510553,TESS,TESS
2460082.0549262613,0.014812945,TESS,TESS
2460082.0572410505,0.009906315,TESS,TESS
2460082.0595558393,0.023214124,TESS,TESS
2460082.0618706285,0.01554054,TESS,TESS
2460082.0641854177,0.010790621,TESS,TESS
2460082.0665002065,0.007580901,TESS,TESS
2460082.0688149957,0.016975632,TESS,TESS
2460082.0711297845,0.014526753,TESS,TESS
2460082.0734445737,0.0148902945,TESS,TESS
2460082.0757593624,0.017102178,TESS,TESS
2460082.0780741517,0.016034061,TESS,TESS
2460082.080388941,0.015849523,TESS,TESS
2460082.0827037296,0.016356718,TESS,TESS
2460082.085018519,0.014027163,TESS,TESS
2460082.0873333076,0.019617368,TESS,TESS
2460082.089648097,0.016704377,TESS,TESS
2460082.091962886,0.022035565,TESS,TESS
2460082.094277675,0.02047658,TESS,TESS
2460082.096592464,0.0332688,TESS,TESS
2460082.0989072532,0.04185641,TESS,TESS
2460082.101222042,0.034703746,TESS,TESS
2460082.103536831,0.029610235,TESS,TESS
2460082.10585162,0.0463172,TESS,TESS
2460082.108166409,0.034735084,TESS,TESS
2460082.1104811984,0.045415975,TESS,TESS
2460082.112795987,0.04735997,TESS,TESS
2460082.1151107764,0.055759877,TESS,TESS
2460082.117425565,0.05461978,TESS,TESS
2460082.1197403544,0.057568535,TESS,TESS
2460082.1220551436,0.054273378,TESS,TESS
2460082.1243699323,0.06782021,TESS,TESS
2460082.1266847216,0.07361098,TESS,TESS
2460082.128999511,0.07809796,TESS,TESS
2460082.1313142995,0.07785382,TESS,TESS
2460082.1336290888,0.08375296,TESS,TESS
2460082.135943878,0.083909765,TESS,TESS
2460082.1382586667,0.0829488,TESS,TESS
2460082.140573456,0.09403878,TESS,TESS
2460082.1428882447,0.089819916,TESS,TESS
2460082.145203034,0.099431194,TESS,TESS
2460082.147517823,0.103942566,TESS,TESS
2460082.149832612,0.11086706,TESS,TESS
2460082.152147401,0.11309851,TESS,TESS
2460082.1544621903,0.11525783,TESS,TESS
2460082.156776979,0.111234665,TESS,TESS
2460082.1590917683,0.11034757,TESS,TESS
2460082.1614065575,0.12182533,TESS,TESS
2460082.1637213463,0.12311603,TESS,TESS
2460082.1660361355,0.12491785,TESS,TESS
2460082.1683509247,0.1251112,TESS,TESS
2460082.1706657135,0.13902014,TESS,TESS
2460082.1729805027,0.13878568,TESS,TESS
2460082.175295292,0.13189739,TESS,TESS
2460082.1776100807,0.12664542,TESS,TESS
2460082.17992487,0.13307606,TESS,TESS
2460082.182239659,0.1363343,TESS,TESS
2460082.184554448,0.132051,TESS,TESS
2460082.186869237,0.13290387,TESS,TESS
2460082.1891840263,0.14256282,TESS,TESS
2460082.191498815,0.13482453,TESS,TESS
2460082.1938136043,0.13926452,TESS,TESS
2460082.1961283935,0.13201702,TESS,TESS
2460082.1984431823,0.14505236,TESS,TESS
2460082.2007579715,0.12962061,TESS,TESS
2460082.2030727607,0.13706204,TESS,TESS
2460082.20538755,0.13277946,TESS,TESS
2460082.2077023387,0.13719061,TESS,TESS
2460082.210017128,0.13635316,TESS,TESS
2460082.212331917,0.13080643,TESS,TESS
2460082.214646706,0.11977344,TESS,TESS
2460082.216961495,0.13437818,TESS,TESS
2460082.2192762843,0.12822498,TESS,TESS
2460082.221591073,0.11784654,TESS,TESS
2460082.2239058623,0.12451314,TESS,TESS
2460082.2262206515,0.12528376,TESS,TESS
2460082.2285354408,0.118203804,TESS,TESS
2460082.2308502295,0.11799385,TESS,TESS
2460082.2331650187,0.10934781,TESS,TESS
2460082.235479808,0.11596681,TESS,TESS
2460082.2377945967,0.10794584,TESS,TESS
2460082.240109386,0.108977854,TESS,TESS
2460082.242424175,0.09864666,TESS,TESS
2460082.2447389644,0.10176979,TESS,TESS
2460082.247053753,0.097634606,TESS,TESS
2460082.2493685423,0.09424041,TESS,TESS
2460082.2516833316,0.0937748,TESS,TESS
2460082.2539981203,0.08582607,TESS,TESS
2460082.2563129095,0.08423303,TESS,TESS
2460082.2586276988,0.07663122,TESS,TESS
2460082.260942488,0.07236034,TESS,TESS
2460082.2632572767,0.07100252,TESS,TESS
2460082.265572066,0.06925192,TESS,TESS
2460082.267886855,0.06260456,TESS,TESS
2460082.2702016444,0.055527456,TESS,TESS
2460082.272516433,0.05510825,TESS,TESS
2460082.2748312224,0.04745522,TESS,TESS
2460082.2771460116,0.043879613,TESS,TESS
2460082.279460801,0.047790874,TESS,TESS
2460082.2817755896,0.042491313,TESS,TESS
2460082.284090379,0.04581532,TESS,TESS
2460082.286405168,0.03291773,TESS,TESS
2460082.288719957,0.03402563,TESS,TESS
2460082.291034746,0.038741168,TESS,TESS
2460082.293349535,0.024428781,TESS,TESS
2460082.2956643244,0.019224903,TESS,TESS
2460082.2979791136,0.01724097,TESS,TESS
2460082.3002939024,0.020676684,TESS,TESS
2460082.3026086916,0.023677085,TESS,TESS
2460082.304923481,0.01763311,TESS,TESS
2460082.30723827,0.023880953,TESS,TESS
2460082.3095530593,0.019987628,TESS,TESS
2460082.311867848,0.01712006,TESS,TESS
2460082.3141826373,0.023249034,TESS,TESS
2460082.3164974265,0.019495668,TESS,TESS
2460082.3188122157,0.017595883,TESS,TESS
2460082.321127005,0.025732199,TESS,TESS
2460082.3234417937,0.016704049,TESS,TESS
2460082.325756583,0.010667095,TESS,TESS
2460082.328071372,0.014793067,TESS,TESS
2460082.3303861613,0.021939017,TESS,TESS
2460082.33270095,0.009473605,TESS,TESS
2460082.3350157393,0.015157814,TESS,TESS
2460082.3373305285,0.014493108,TESS,TESS
2460082.3396453178,0.01215498,TESS,TESS
2460082.341960107,0.019612888,TESS,TESS
2460082.3442748957,0.011521672,TESS,TESS
2460082.346589685,0.009146592,TESS,TESS
2460082.348904474,0.019846706,TESS,TESS
2460082.3512192634,0.0151595855,TESS,TESS
2460082.3535340526,0.005479041,TESS,TESS
2460082.355848842,0.012339022,TESS,TESS
2460082.3581636306,0.019001096,TESS,TESS
2460082.36047842,0.016155768,TESS,TESS
2460082.362793209,0.017670538,TESS,TESS
2460082.3651079983,0.016354812,TESS,TESS
2460082.3674227875,0.013340284,TESS,TESS
2460082.369737576,0.01265973,TESS,TESS
2460082.3720523654,0.014269357,TESS,TESS
2460082.3743671547,0.009898543,TESS,TESS
2460082.376681944,0.018096328,TESS,TESS
2460082.378996733,0.01546741,TESS,TESS
2460082.3813115223,0.011294346,TESS,TESS
2460082.383626311,0.009806334,TESS,TESS
2460082.3859411003,0.0100517,TESS,TESS
2460082.3882558895,0.017589834,TESS,TESS
2460082.3905706787,0.010312019,TESS,TESS
2460082.392885468,0.014497962,TESS,TESS
2460082.395200257,-0.00126625,TESS,TESS
2460082.3975150464,0.011217447,TESS,TESS
2460082.399829835,0.008994214,TESS,TESS
2460082.4021446244,0.0015442249,TESS,TESS
2460082.4044594136,0.012650435,TESS,TESS
2460082.406774203,0.009737965,TESS,TESS
2460082.409088992,0.0020599524,TESS,TESS
2460082.4114037813,0.001445658,TESS,TESS
2460082.4137185705,0.014086364,TESS,TESS
2460082.4160333592,0.00912884,TESS,TESS
2460082.4183481485,0.011027516,TESS,TESS
2460082.4206629377,0.011767167,TESS,TESS
2460082.422977727,0.00888479,TESS,TESS
2460082.425292516,0.00035113524,TESS,TESS
2460082.4276073053,0.0076801567,TESS,TESS
2460082.4299220946,0.009540586,TESS,TESS
2460082.432236884,0.012135413,TESS,TESS
2460082.4345516725,0.0020733736,TESS,TESS
2460082.4368664618,0.0129966475,TESS,TESS
2460082.439181251,0.0049222917,TESS,TESS
2460082.44149604,0.0051415893,TESS,TESS
2460082.4438108294,0.0018362848,TESS,TESS
2460082.4461256186,0.004473497,TESS,TESS
2460082.448440408,0.013025072,TESS,TESS
2460082.450755197,0.0020884813,TESS,TESS
2460082.453069986,0.0058780196,TESS,TESS
2460082.455384775,-0.0012936569,TESS,TESS
2460082.4576995643,0.0015199226,TESS,TESS
2460082.4600143535,0.007730603,TESS,TESS
2460082.4623291427,0.00979053,TESS,TESS
2460082.464643932,0.002605894,TESS,TESS
2460082.466958721,0.010027729,TESS,TESS
2460082.4692735104,0.006752536,TESS,TESS
2460082.4715882996,0.000101413025,TESS,TESS
2460082.473903089,0.0067066937,TESS,TESS
2460082.4762178776,0.0045228847,TESS,TESS
2460082.478532667,0.007933649,TESS,TESS
2460082.480847456,0.009925059,TESS,TESS
2460082.4831622452,0.0034244135,TESS,TESS
2460082.4854770345,0.0023092171,TESS,TESS
2460082.4877918237,-0.0018827359,TESS,TESS
2460082.490106613,0.0034933602,TESS,TESS
2460082.492421402,0.008938555,TESS,TESS
2460082.4947361914,0.007773295,TESS,TESS
2460082.4970509806,0.0014472133,TESS,TESS
2460082.49936577,0.0021731649,TESS,TESS
2460082.501680559,0.002352086,TESS,TESS
2460082.503995348,0.0015564736,TESS,TESS
2460082.506310137,-0.0011200258,TESS,TESS
2460082.508624926,0.0029254283,TESS,TESS
2460082.5109397154,-0.0073620626,TESS,TESS
2460082.5132545047,0.0070213797,TESS,TESS
2460082.515569294,-0.0013351535,TESS,TESS
2460082.517884083,0.0011157406,TESS,TESS
2460082.5201988723,-0.0041784868,TESS,TESS
2460082.5225136615,-0.0023556545,TESS,TESS
2460082.5248284508,-0.0009836095,TESS,TESS
2460082.52714324,0.0029012247,TESS,TESS
2460082.529458029,0.0010293255,TESS,TESS
2460082.5317728184,-0.0062619727,TESS,TESS
2460082.5340876076,-0.0012747825,TESS,TESS
2460082.536402397,-0.010678857,TESS,TESS
2460082.538717186,0.00032893106,TESS,TESS
2460082.5410319753,-0.0031467932,TESS,TESS
2460082.543346764,-0.0007729387,TESS,TESS
2460082.5456615533,-0.018848049,TESS,TESS
2460082.5479763425,-0.013604209,TESS,TESS
2460082.5502911317,-0.0005798203,TESS,TESS
2460082.552605921,-0.0027308976,TESS,TESS
2460082.55492071,-0.005525642,TESS,TESS
2460082.5572354994,-0.0066916975,TESS,TESS
2460082.5595502886,-0.0050798682,TESS,TESS
2460082.561865078,-0.003920462,TESS,TESS
2460082.564179867,-0.007375046,TESS,TESS
2460082.5664946563,-0.010168776,TESS,TESS
2460082.5688094455,-0.004084233,TESS,TESS
2460082.5711242347,-0.0035976188,TESS,TESS
2460082.573439024,-0.003187187,TESS,TESS
2460082.575753813,-0.012196912,TESS,TESS
2460082.5780686024,0.0002902852,TESS,TESS
2460082.5803833916,-0.00836677,TESS,TESS
2460082.582698181,-0.0090644695,TESS,TESS
2460082.58501297,-0.009150334,TESS,TESS
2460082.5873277592,-0.0059941453,TESS,TESS
2460082.5896425485,-0.011648234,TESS,TESS
2460082.5919573377,-0.004967011,TESS,TESS
2460082.594272127,-0.012532562,TESS,TESS
2460082.596586916,0.0010613904,TESS,TESS
2460082.5989017054,-0.010573886,TESS,TESS
2460082.6012164946,-0.009724392,TESS,TESS
2460082.603531284,-0.007309739,TESS,TESS
2460082.605846073,-0.0073956144,TESS,TESS
2460082.6081608622,-0.0070267385,TESS,TESS
2460082.6104756515,-0.012736487,TESS,TESS
2460082.6127904407,-0.014662538,TESS,TESS
2460082.61510523,-0.01119395,TESS,TESS
2460082.617420019,-0.008809528,TESS,TESS
2460082.6197348083,-0.010913755,TESS,TESS
2460082.6220495976,-0.0071139224,TESS,TESS
2460082.624364387,-0.011874985,TESS,TESS
2460082.626679176,-0.010445448,TESS,TESS
2460082.628993965,-0.011168329,TESS,TESS
2460082.6313087544,-0.011852709,TESS,TESS
2460082.6336235437,-0.020666916,TESS,TESS
2460082.635938333,-0.012205998,TESS,TESS
2460082.638253122,-0.014589239,TESS,TESS
2460082.6405679113,-0.0061264588,TESS,TESS
2460082.6428827005,-0.011719044,TESS,TESS
2460082.6451974898,-0.017323475,TESS,TESS
2460082.647512279,-0.012839969,TESS,TESS
2460082.649827068,-0.011525044,TESS,TESS
2460082.6521418574,-0.016845182,TESS,TESS
2460082.6544566466,-0.012604593,TESS,TESS
2460082.656771436,-0.019988582,TESS,TESS
2460082.659086225,-0.014295229,TESS,TESS
2460082.6614010143,-0.01746244,TESS,TESS
2460082.6637158035,-0.020177264,TESS,TESS
2460082.6660305928,-0.016202325,TESS,TESS
2460082.668345382,-0.006404933,TESS,TESS
2460082.670660171,-0.011886124,TESS,TESS
2460082.6729749604,-0.010196986,TESS,TESS
2460082.6752897496,-0.01554046,TESS,TESS
2460082.677604539,-0.017006887,TESS,TESS
2460082.679919328,-0.016662166,TESS,TESS
2460082.6822341173,-0.010577733,TESS,TESS
2460082.6845489065,-0.0242158,TESS,TESS
2460082.6868636957,-0.014675947,TESS,TESS
2460082.689178485,-0.021649878,TESS,TESS
2460082.691493274,-0.011352144,TESS,TESS
2460082.6938080634,-0.010007331,TESS,TESS
2460082.6961228526,-0.011792024,TESS,TESS
2460082.698437642,-0.012328727,TESS,TESS
2460082.700752431,-0.015836813,TESS,TESS
2460082.7030672203,-0.012841504,TESS,TESS
2460082.7053820095,-0.01820434,TESS,TESS
2460082.7076967987,-0.019704927,TESS,TESS
2460082.710011588,-0.013370531,TESS,TESS
2460082.712326377,-0.012711286,TESS,TESS
2460082.7146411664,-0.0069683553,TESS,TESS
2460082.7169559556,-0.019464297,TESS,TESS
2460082.719270745,-0.019055115,TESS,TESS
2460082.721585534,-0.008987069,TESS,TESS
2460082.7239003233,-0.013428826,TESS,TESS
2460082.7262151125,-0.008134019,TESS,TESS
2460082.7285299017,-0.014473662,TESS,TESS
2460082.730844691,-0.014887512,TESS,TESS
2460082.73315948,-0.010989865,TESS,TESS
2460082.7354742694,-0.016031956,TESS,TESS
2460082.7377890586,-0.012434936,TESS,TESS
2460082.740103848,-0.014756261,TESS,TESS
2460082.742418637,-0.01181699,TESS,TESS
2460082.7447334263,-0.015225649,TESS,TESS
2460082.7470482155,-0.015248878,TESS,TESS
2460082.7493630047,-0.019501418,TESS,TESS
2460082.751677794,-0.011338184,TESS,TESS
2460082.753992583,-0.021307897,TESS,TESS
2460082.7563073724,-0.010293916,TESS,TESS
2460082.7586221616,-0.0125374235,TESS,TESS
2460082.760936951,-0.019651035,TESS,TESS
2460082.76325174,-0.010570041,TESS,TESS
2460082.765566529,-0.018627204,TESS,TESS
2460082.767881318,-0.013420646,TESS,TESS
2460082.770196107,-0.013663642,TESS,TESS
2460082.7725108964,-0.01336107,TESS,TESS
2460082.7748256857,-0.013419239,TESS,TESS
2460082.777140475,-0.014181538,TESS,TESS
2460082.779455264,-0.009757615,TESS,TESS
2460082.7817700533,-0.01707671,TESS,TESS
2460082.7840848425,-0.011890091,TESS,TESS
2460082.7863996318,-0.0128780855,TESS,TESS
2460082.788714421,-0.020785265,TESS,TESS
2460082.79102921,-0.012512092,TESS,TESS
2460082.7933439994,-0.012118839,TESS,TESS
2460082.7956587886,-0.0079483725,TESS,TESS
2460082.797973578,-0.012052794,TESS,TESS
2460082.800288367,-0.016399315,TESS,TESS
2460082.8026031563,-0.0095604425,TESS,TESS
2460082.8049179455,-0.011025867,TESS,TESS
2460082.8072327347,-0.011787415,TESS,TESS
2460082.809547524,-0.01506253,TESS,TESS
2460082.811862313,-0.01614711,TESS,TESS
2460082.8141771024,-0.017205514,TESS,TESS
2460082.8164918916,-0.016567588,TESS,TESS
2460082.818806681,-0.014480559,TESS,TESS
2460082.82112147,-0.0073556346,TESS,TESS
2460082.8234362593,-0.01057427,TESS,TESS
2460082.8257510485,-0.00621513,TESS,TESS
2460082.8280658377,-0.009161372,TESS,TESS
2460082.830380627,-0.011588178,TESS,TESS
2460082.832695416,-0.017864073,TESS,TESS
2460082.8350102054,-0.008502263,TESS,TESS
2460082.8373249946,-0.015477939,TESS,TESS
2460082.839639784,-0.006355008,TESS,TESS
2460082.841954573,-0.015811302,TESS,TESS
2460082.844269362,-0.008749829,TESS,TESS
2460082.846584151,-0.014507378,TESS,TESS
2460082.8488989403,-0.010987045,TESS,TESS
2460082.8512137295,-0.007380189,TESS,TESS
2460082.8535285187,-0.012624806,TESS,TESS
2460082.855843308,-0.015155707,TESS,TESS
2460082.858158097,-0.0076697804,TESS,TESS
2460082.8604728864,-0.00241532,TESS,TESS
2460082.8627876756,-0.008588557,TESS,TESS
2460082.865102465,-0.0048428024,TESS,TESS
2460082.867417254,-0.012673932,TESS,TESS
2460082.8697320432,-0.0037063616,TESS,TESS
2460082.8720468325,-0.020967966,TESS,TESS
2460082.8743616217,-0.0034186789,TESS,TESS
2460082.876676411,-0.007044485,TESS,TESS
2460082.8789911997,-0.0009753334,TESS,TESS
2460082.881305989,-0.006578493,TESS,TESS
2460082.883620778,-0.0047998936,TESS,TESS
2460082.8859355673,-0.006223624,TESS,TESS
2460082.8882503565,-0.0041436744,TESS,TESS
2460082.8905651458,-0.005229553,TESS,TESS
2460082.892879935,-0.008203901,TESS,TESS
2460082.895194724,-0.0019180083,TESS,TESS
2460082.8975095134,-0.006140873,TESS,TESS
2460082.899824302,-0.01020532,TESS,TESS
2460082.9021390914,-0.0070210807,TESS,TESS
2460082.9044538806,-0.0039254916,TESS,TESS
2460082.90676867,-0.0018745958,TESS,TESS
2460082.909083459,0.0018937206,TESS,TESS
2460082.9113982483,0.0009139651,TESS,TESS
2460082.9137130375,-0.0034753184,TESS,TESS
2460082.9160278267,-0.0045862244,TESS,TESS
2460082.9183426155,0.0019990064,TESS,TESS
2460082.9206574047,0.00026186815,TESS,TESS
2460082.922972194,0.0014936118,TESS,TESS
2460082.925286983,-0.005662004,TESS,TESS
2460082.9276017724,-0.0068339575,TESS,TESS
2460082.9299165616,-0.0007184862,TESS,TESS
2460082.9322313503,0.002829201,TESS,TESS
2460082.9345461396,-0.0045505227,TESS,TESS
2460082.936860929,-0.000962014,TESS,TESS
2460082.939175718,0.0013405556,TESS,TESS
2460082.941490507,0.000790133,TESS,TESS
2460082.9438052964,-0.0025614991,TESS,TESS
2460082.946120085,0.0020381021,TESS,TESS
2460082.9484348744,-0.0029475137,TESS,TESS
2460082.9507496636,0.003653278,TESS,TESS
2460082.953064453,-0.00361555,TESS,TESS
2460082.955379242,0.00041969266,TESS,TESS
2460082.957694031,-0.0016909778,TESS,TESS
2460082.96000882,0.008155707,TESS,TESS
2460082.9623236093,0.011281007,TESS,TESS
2460082.9646383985,0.0029722145,TESS,TESS
2460082.9669531877,-0.0013104627,TESS,TESS
2460082.9692679765,0.0046598823,TESS,TESS
2460082.9715827657,0.0014353546,TESS,TESS
2460082.973897555,0.0033970177,TESS,TESS
2460082.976212344,-0.0049163764,TESS,TESS
2460082.978527133,0.0070887953,TESS,TESS
2460082.980841922,0.006497041,TESS,TESS
2460082.9831567113,0.0035156289,TESS,TESS
2460082.9854715005,0.0023644732,TESS,TESS
2460082.9877862893,0.0031262147,TESS,TESS
2460082.9901010785,0.01849747,TESS,TESS
2460082.9924158677,0.0060169445,TESS,TESS
2460082.9947306565,0.011237131,TESS,TESS
2460082.9970454457,0.0044833748,TESS,TESS
2460082.999360235,0.007847733,TESS,TESS
2460083.001675024,0.010953513,TESS,TESS
2460083.003989813,0.0027417415,TESS,TESS
2460083.006304602,0.007317262,TESS,TESS
2460083.0086193914,0.008378399,TESS,TESS
2460083.01093418,0.010448835,TESS,TESS
2460083.0132489693,0.0024159052,TESS,TESS
2460083.0155637586,0.011432069,TESS,TESS
2460083.0178785473,0.007813837,TESS,TESS
2460083.0201933365,0.012159234,TESS,TESS
2460083.0225081258,0.0123690665,TESS,TESS
2460083.0248229145,0.00771483,TESS,TESS
2460083.0271377037,0.011461434,TESS,TESS
2460083.029452493,0.015001441,TESS,TESS
2460083.0317672817,0.013174675,TESS,TESS
2460083.034082071,0.016496401,TESS,TESS
2460083.03639686,0.011002542,TESS,TESS
2460083.038711649,0.0126046045,TESS,TESS
2460083.041026438,0.013588745,TESS,TESS
2460083.043341227,0.010381014,TESS,TESS
2460083.045656016,0.012861802,TESS,TESS
2460083.0479708053,0.016244842,TESS,TESS
2460083.050285594,0.011939234,TESS,TESS
2460083.0526003833,0.00814997,TESS,TESS
2460083.054915172,0.016159317,TESS,TESS
2460083.0572299613,0.018329361,TESS,TESS
2460083.05954475,0.017868675,TESS,TESS
2460083.0618595392,0.015341185,TESS,TESS
2460083.064174328,0.017889466,TESS,TESS
2460083.066489117,0.012442971,TESS,TESS
2460083.068803906,0.015133665,TESS,TESS
2460083.071118695,0.013602441,TESS,TESS
2460083.0734334844,0.016755968,TESS,TESS
2460083.075748273,0.0110306535,TESS,TESS
2460083.0780630624,0.009828472,TESS,TESS
2460083.080377851,0.018550461,TESS,TESS
2460083.0826926404,0.012957548,TESS,TESS
2460083.085007429,0.016024407,TESS,TESS
2460083.0873222183,0.009978091,TESS,TESS
2460083.089637007,0.018889079,TESS,TESS
2460083.0919517963,0.014454348,TESS,TESS
2460083.094266585,0.012055969,TESS,TESS
2460083.096581374,0.010823105,TESS,TESS
2460083.098896163,0.0112462845,TESS,TESS
2460083.101210952,0.013480364,TESS,TESS
2460083.103525741,0.006408374,TESS,TESS
2460083.10584053,0.0112609975,TESS,TESS
2460083.1081553185,0.020506322,TESS,TESS
2460083.1104701078,0.026065506,TESS,TESS
2460083.1127848965,0.021462144,TESS,TESS
2460083.1150996857,0.025253128,TESS,TESS
2460083.1174144745,0.033374436,TESS,TESS
2460083.1197292632,0.029454695,TESS,TESS
2460083.1220440525,0.03661137,TESS,TESS
2460083.124358841,0.04454739,TESS,TESS
2460083.1266736304,0.039062392,TESS,TESS
2460083.128988419,0.04753696,TESS,TESS
2460083.131303208,0.050233133,TESS,TESS
2460083.133617997,0.04491674,TESS,TESS
2460083.135932786,0.05104326,TESS,TESS
2460083.1382475747,0.06662135,TESS,TESS
2460083.1405623634,0.074970186,TESS,TESS
2460083.1428771527,0.07328262,TESS,TESS
2460083.1451919414,0.07131719,TESS,TESS
2460083.14750673,0.08279882,TESS,TESS
2460083.149821519,0.07107651,TESS,TESS
2460083.152136308,0.08426093,TESS,TESS
2460083.154451097,0.09178351,TESS,TESS
2460083.1567658857,0.10767053,TESS,TESS
2460083.1590806744,0.101869166,TESS,TESS
2460083.1613954636,0.1111958,TESS,TESS
2460083.1637102524,0.112301245,TESS,TESS
2460083.166025041,0.10803412,TESS,TESS
2460083.16833983,0.12047744,TESS,TESS
2460083.170654619,0.1246332,TESS,TESS
2460083.172969408,0.13039538,TESS,TESS
2460083.1752841966,0.124058604,TESS,TESS
2460083.1775989854,0.13810845,TESS,TESS
2460083.179913774,0.13644099,TESS,TESS
2460083.182228563,0.13962817,TESS,TESS
2460083.1845433516,0.14118953,TESS,TESS
2460083.1868581404,0.14877093,TESS,TESS
2460083.189172929,0.1560332,TESS,TESS
2460083.191487718,0.15453891,TESS,TESS
2460083.193802507,0.15997066,TESS,TESS
2460083.196117296,0.15989235,TESS,TESS
2460083.1984320846,0.16082802,TESS,TESS
2460083.2007468734,0.15606181,TESS,TESS
2460083.203061662,0.17098531,TESS,TESS
2460083.205376451,0.16498995,TESS,TESS
2460083.2076912397,0.16484177,TESS,TESS
2460083.2100060284,0.16797833,TESS,TESS
2460083.212320817,0.16745266,TESS,TESS
2460083.214635606,0.17510208,TESS,TESS
2460083.2169503947,0.17301671,TESS,TESS
2460083.2192651834,0.16603383,TESS,TESS
2460083.221579972,0.16371103,TESS,TESS
2460083.223894761,0.16729245,TESS,TESS
2460083.2262095497,0.17812678,TESS,TESS
2460083.2285243385,0.17036228,TESS,TESS
2460083.2308391267,0.16650395,TESS,TESS
2460083.2331539155,0.16892803,TESS,TESS
2460083.2354687043,0.1620414,TESS,TESS
2460083.237783493,0.16537496,TESS,TESS
2460083.2400982818,0.16352,TESS,TESS
2460083.2424130705,0.16484478,TESS,TESS
2460083.2447278593,0.15005346,TESS,TESS
2460083.247042648,0.15208964,TESS,TESS
2460083.249357437,0.15582572,TESS,TESS
2460083.2516722255,0.1439668,TESS,TESS
2460083.253987014,0.14060722,TESS,TESS
2460083.2563018026,0.14360641,TESS,TESS
2460083.2586165913,0.1328112,TESS,TESS
2460083.26093138,0.13391677,TESS,TESS
2460083.2632461684,0.1265058,TESS,TESS
2460083.265560957,0.11923493,TESS,TESS
2460083.267875746,0.12546434,TESS,TESS
2460083.270190534,0.117634475,TESS,TESS
2460083.272505323,0.113002345,TESS,TESS
2460083.2748201117,0.100693114,TESS,TESS
2460083.2771349,0.0997733,TESS,TESS
2460083.2794496887,0.09800406,TESS,TESS
2460083.2817644775,0.08594611,TESS,TESS
2460083.284079266,0.0816847,TESS,TESS
2460083.2863940545,0.08473955,TESS,TESS
2460083.2887088433,0.08240715,TESS,TESS
2460083.291023632,0.06590541,TESS,TESS
2460083.2933384203,0.073556125,TESS,TESS
2460083.295653209,0.06683551,TESS,TESS
2460083.2979679974,0.051097255,TESS,TESS
2460083.300282786,0.049662985,TESS,TESS
2460083.3025975744,0.05225192,TESS,TESS
2460083.304912363,0.05007521,TESS,TESS
2460083.3072271515,0.053572465,TESS,TESS
2460083.30954194,0.03398604,TESS,TESS
2460083.3118567285,0.036506552,TESS,TESS
2460083.3141715173,0.033331927,TESS,TESS
2460083.3164863056,0.03271296,TESS,TESS
2460083.3188010943,0.02756251,TESS,TESS
2460083.3211158826,0.018700894,TESS,TESS
2460083.323430671,0.020411823,TESS,TESS
2460083.3257454596,0.022675633,TESS,TESS
2460083.328060248,0.019511875,TESS,TESS
2460083.3303750367,0.0150234895,TESS,TESS
2460083.332689825,0.006935861,TESS,TESS
2460083.3350046137,0.016025785,TESS,TESS
2460083.337319402,0.022814676,TESS,TESS
2460083.3396341903,0.0110186245,TESS,TESS
2460083.341948979,0.012715058,TESS,TESS
2460083.3442637674,0.010576257,TESS,TESS
2460083.3465785556,0.010522608,TESS,TESS
2460083.348893344,0.020760784,TESS,TESS
2460083.3512081327,0.01276862,TESS,TESS
2460083.353522921,0.013330523,TESS,TESS
2460083.3558377093,0.0122339735,TESS,TESS
2460083.3581524976,0.016440485,TESS,TESS
2460083.360467286,0.016637413,TESS,TESS
2460083.3627820746,0.01588564,TESS,TESS
2460083.365096863,0.013590711,TESS,TESS
2460083.367411651,0.014225818,TESS,TESS
2460083.3697264395,0.004000076,TESS,TESS
2460083.372041228,0.0141258305,TESS,TESS
2460083.3743560165,0.014430083,TESS,TESS
2460083.376670805,0.010580635,TESS,TESS
2460083.378985593,0.0059608514,TESS,TESS
2460083.3813003814,0.008615942,TESS,TESS
2460083.3836151697,0.010691995,TESS,TESS
2460083.385929958,0.012341183,TESS,TESS
2460083.3882447463,0.022622833,TESS,TESS
2460083.3905595345,0.009879867,TESS,TESS
2460083.392874323,0.0095211975,TESS,TESS
2460083.395189111,-0.001211693,TESS,TESS
2460083.3975038994,0.012392828,TESS,TESS
2460083.3998186877,0.011783129,TESS,TESS
2460083.402133476,0.009506377,TESS,TESS
2460083.4044482643,0.009100909,TESS,TESS
2460083.4067630526,0.005306238,TESS,TESS
2460083.4090778404,0.0035283542,TESS,TESS
2460083.4113926287,0.0006567314,TESS,TESS
2460083.413707417,0.0006119873,TESS,TESS
2460083.4160222053,0.007859727,TESS,TESS
2460083.4183369935,0.006616512,TESS,TESS
2460083.420651782,0.0049154656,TESS,TESS
2460083.42296657,0.0074951425,TESS,TESS
2460083.425281358,0.0011015537,TESS,TESS
2460083.4275961462,0.0011750173,TESS,TESS
2460083.4299109345,-0.0023985312,TESS,TESS
2460083.4322257224,0.00034116593,TESS,TESS
2460083.4345405106,-0.0024831174,TESS,TESS
2460083.436855299,0.005062525,TESS,TESS
2460083.4391700868,0.004708368,TESS,TESS
2460083.441484875,0.009837875,TESS,TESS
2460083.4437996633,0.0017877324,TESS,TESS
2460083.446114451,0.00499894,TESS,TESS
2460083.4484292394,-0.0042921994,TESS,TESS
2460083.4507440277,-0.001502934,TESS,TESS
2460083.4530588156,0.007852883,TESS,TESS
2460083.455373604,0.006267706,TESS,TESS
2460083.457688392,0.01062259,TESS,TESS
2460083.4600031804,-0.0006734734,TESS,TESS
2460083.4623179683,-0.0035115713,TESS,TESS
2460083.464632756,-0.0019220136,TESS,TESS
2460083.4669475444,0.007633819,TESS,TESS
2460083.469262332,0.0009946061,TESS,TESS
2460083.4715771205,-0.00082143926,TESS,TESS
2460083.4738919083,-0.003296874,TESS,TESS
2460083.476206696,0.0027947486,TESS,TESS
2460083.689167157,-0.019494805,TESS,TESS
2460083.691481944,-0.028200654,TESS,TESS
2460083.6937967315,-0.024498532,TESS,TESS
2460083.6961115184,-0.018656593,TESS,TESS
2460083.698426306,-0.023121005,TESS,TESS
2460083.7007410927,-0.031582355,TESS,TESS
2460083.70305588,-0.02262143,TESS,TESS
2460083.7053706674,-0.03272366,TESS,TESS
2460083.7076854543,-0.023415804,TESS,TESS
2460083.7100002416,-0.034592424,TESS,TESS
2460083.7123150285,-0.029804237,TESS,TESS
2460083.714629816,-0.025798606,TESS,TESS
2460083.716944603,-0.022341378,TESS,TESS
2460083.7192593897,-0.02679903,TESS,TESS
2460083.7215741766,-0.026997391,TESS,TESS
2460083.723888964,-0.025007997,TESS,TESS
2460083.726203751,-0.024452468,TESS,TESS
2460083.7285185377,-0.027366739,TESS,TESS
2460083.7308333246,-0.027535465,TESS,TESS
2460083.733148112,-0.02878994,TESS,TESS
2460083.735462899,-0.025940027,TESS,TESS
2460083.7377776857,-0.019056387,TESS,TESS
2460083.7400924726,-0.023906406,TESS,TESS
2460083.74240726,-0.027728518,TESS,TESS
2460083.744722047,-0.021804653,TESS,TESS
2460083.747036834,-0.025089573,TESS,TESS
2460083.7493516207,-0.028032284,TESS,TESS
2460083.751666408,-0.024329204,TESS,TESS
2460083.753981195,-0.024503972,TESS,TESS
2460083.7562959814,-0.023495601,TESS,TESS
2460083.7586107682,-0.025256634,TESS,TESS
2460083.760925555,-0.025404321,TESS,TESS
2460083.763240342,-0.03065264,TESS,TESS
2460087.4668879607,-0.004348794,TESS,TESS
2460087.4738322836,0.025528511,TESS,TESS
2460088.284002988,0.1022141,TESS,TESS
2460088.693717653,-0.009219767,TESS,TESS
2460088.8302891743,-0.009570065,TESS,TESS
2460088.9182504844,-0.016904948,TESS,TESS
2460088.9228800265,-0.01944103,TESS,TESS
2460088.962231137,-0.014419381,TESS,TESS
2460088.96917545,-0.01682734,TESS,TESS
2460089.0339890397,-0.0044642934,TESS,TESS
2460089.036303811,-0.00848942,TESS,TESS
2460089.1150060217,0.0042653796,TESS,TESS
2460089.1173207923,0.006114105,TESS,TESS
2460089.1335241883,0.0052598063,TESS,TESS
2460089.193708227,0.008658407,TESS,TESS
2460089.214541163,0.02267332,TESS,TESS
2460089.2515774923,0.02498874,TESS,TESS
2460089.2839842797,0.08028062,TESS,TESS
2460089.2862990503,0.08553285,TESS,TESS
2460089.3117615255,0.123370774,TESS,TESS
2460089.3140762956,0.13010935,TESS,TESS
2460089.318705837,0.1359606,TESS,TESS
2460089.3349092295,0.1609493,TESS,TESS
2460089.383519407,0.15050994,TESS,TESS
2460089.402037569,0.1295673,TESS,TESS
2460089.4066671096,0.12131981,TESS,TESS
2460089.422870501,0.07774989,TESS,TESS
2460089.4437034326,0.046894237,TESS,TESS
2460089.446018203,0.046959985,TESS,TESS
2460089.4506477434,0.03923206,TESS,TESS
2460089.459906824,0.022307955,TESS,TESS
2460089.480739755,0.016380303,TESS,TESS
2460089.483054525,0.013383591,TESS,TESS
2460089.4946283754,0.006423411,TESS,TESS
2460089.503887456,0.014303126,TESS,TESS
2460089.520090846,0.010368404,TESS,TESS
2460089.5455533164,0.008857909,TESS,TESS
2460089.5710157854,-0.0023892326,TESS,TESS
2460089.582589635,0.0015415031,TESS,TESS
2460089.5849044053,0.0016815598,TESS,TESS
2460089.589533945,0.0005806481,TESS,TESS
2460089.603422564,-0.00044566492,TESS,TESS
2460089.6126816436,-0.0067435363,TESS,TESS
2460089.6149964132,-0.004022725,TESS,TESS
2460089.635829342,-0.0018223951,TESS,TESS
2460089.65203273,-0.0027265078,TESS,TESS
2460089.6543475003,-0.008523195,TESS,TESS
2460089.65666227,-0.006575534,TESS,TESS
2460089.6636065794,-0.003955153,TESS,TESS
2460089.6705508884,-0.0035341482,TESS,TESS
2460089.6774951974,-0.014158669,TESS,TESS
2460089.679809967,-0.014502526,TESS,TESS
2460089.684439507,-0.015146389,TESS,TESS
2460089.6867542765,-0.009786347,TESS,TESS
2460089.6936985855,-0.01064092,TESS,TESS
2460089.702957664,-0.010468906,TESS,TESS
2460089.705272434,-0.016782735,TESS,TESS
2460089.7075872035,-0.015072868,TESS,TESS
2460089.7145315125,-0.01164849,TESS,TESS
2460089.716846282,-0.010326095,TESS,TESS
2460089.723790591,-0.01740869,TESS,TESS
2460089.735364439,-0.022316527,TESS,TESS
2460089.742308748,-0.017455818,TESS,TESS
2460089.7446235176,-0.02055135,TESS,TESS
2460089.760826905,-0.014909981,TESS,TESS
2460089.763141674,-0.02289938,TESS,TESS
2460089.7770302915,-0.015407376,TESS,TESS
2460089.7816598304,-0.01449167,TESS,TESS
2460089.7839746,-0.018173667,TESS,TESS
2460089.7862893697,-0.021407396,TESS,TESS
2460089.795548448,-0.01824456,TESS,TESS
2460089.797863217,-0.02205821,TESS,TESS
2460089.8001779867,-0.027277634,TESS,TESS
2460089.8094370645,-0.019471923,TESS,TESS
2460089.818696142,-0.016009254,TESS,TESS
2460089.823325681,-0.03415554,TESS,TESS
2460089.82795522,-0.022012044,TESS,TESS
2460089.8302699896,-0.025964417,TESS,TESS
2460089.8325847588,-0.019795295,TESS,TESS
2460089.8348995284,-0.02138633,TESS,TESS
2460089.8372142976,-0.015664853,TESS,TESS
2460089.844158606,-0.022105899,TESS,TESS
2460089.8464733753,-0.010105689,TESS,TESS
2460089.8487881445,-0.018387478,TESS,TESS
2460089.8534176834,-0.020193014,TESS,TESS
2460089.855732453,-0.024140738,TESS,TESS
2460089.8580472223,-0.025035318,TESS,TESS
2460089.8673062995,-0.024429943,TESS,TESS
2460089.869621069,-0.021891927,TESS,TESS
2460089.8719358384,-0.014997809,TESS,TESS
2460089.881194916,-0.02584461,TESS,TESS
2460089.89971307,-0.022547906,TESS,TESS
2460089.9020278393,-0.028724521,TESS,TESS
2460089.9136016862,-0.018725164,TESS,TESS
2460089.9159164554,-0.02029706,TESS,TESS
2460089.922860763,-0.02084761,TESS,TESS
2460089.9251755322,-0.018272178,TESS,TESS
2460089.9274903014,-0.017553374,TESS,TESS
2460089.9298050706,-0.01743251,TESS,TESS
2460089.93211984,-0.018276252,TESS,TESS
2460089.934434609,-0.01776578,TESS,TESS
2460089.936749378,-0.022355072,TESS,TESS
2460089.9390641474,-0.019265955,TESS,TESS
2460089.9413789166,-0.022504676,TESS,TESS
2460089.9460084555,-0.020659678,TESS,TESS
2460089.9552675323,-0.012819888,TESS,TESS
2460089.9575823015,-0.01868,TESS,TESS
2460089.964526609,-0.013726907,TESS,TESS
2460089.9668413782,-0.021830278,TESS,TESS
2460089.971470916,-0.017767945,TESS,TESS
2460089.9737856854,-0.016433991,TESS,TESS
2460089.9761004546,-0.012924642,TESS,TESS
2460089.978415224,-0.01938738,TESS,TESS
2460089.983044762,-0.016777257,TESS,TESS
2460089.9876743,-0.0142551195,TESS,TESS
2460089.9923038385,-0.009884981,TESS,TESS
2460089.9946186077,-0.018745136,TESS,TESS
2460089.996933377,-0.013761157,TESS,TESS
2460090.0015629153,-0.007595365,TESS,TESS
2460090.0085072224,-0.01095463,TESS,TESS
2460090.0108219916,-0.010891331,TESS,TESS
2460090.0154515295,-0.015021808,TESS,TESS
2460090.033969682,-0.013821605,TESS,TESS
2460090.043228758,-0.008084945,TESS,TESS
2460090.050173065,-0.005221052,TESS,TESS
2460090.0524878344,-0.007157512,TESS,TESS
2460090.054802603,-0.00947243,TESS,TESS
2460090.059432141,-0.009622408,TESS,TESS
2460090.066376448,-0.0021159267,TESS,TESS
2460090.075635524,-0.0065862117,TESS,TESS
2460090.089524138,-0.0038861572,TESS,TESS
2460090.1057275203,-0.006538869,TESS,TESS
2460090.1173013644,0.0016390417,TESS,TESS
2460090.133504747,-0.0032855186,TESS,TESS
2460090.198318273,0.0266539,TESS,TESS
2460090.469146185,0.043497946,TESS,TESS
2460090.4714609534,0.0338993,TESS,TESS
2460090.496923404,0.015400916,TESS,TESS
2460092.751505719,-0.002733738,TESS,TESS
2460093.624171674,0.0013519595,TESS,TESS
2460093.658893122,0.00093404384,TESS,TESS
2460093.8093527225,-0.01651864,TESS,TESS
2460094.045458534,-0.016338628,TESS,TESS
2460094.126475227,-0.015251557,TESS,TESS
2460094.1658261917,-0.013017748,TESS,TESS
2460094.5477619865,0.056602024,TESS,TESS
2460094.554706273,0.04364649,TESS,TESS
2460094.5570210353,0.046357244,TESS,TESS
2460094.573224371,0.02910951,TESS,TESS
2460094.584798182,0.016912462,TESS,TESS
2460094.6148900897,0.009695065,TESS,TESS
2460094.651926284,0.0075590047,TESS,TESS
2460094.6820181916,0.004540756,TESS,TESS
2460094.698221526,0.0053868154,TESS,TESS
2460094.7028510505,-0.0008277765,TESS,TESS
2460094.728313433,0.0019584857,TESS,TESS
2460094.7375724814,0.0049698143,TESS,TESS
2460094.7422020053,0.0006979159,TESS,TESS
2460094.7468315293,-0.004860198,TESS,TESS
2460094.774608674,-0.0044582346,TESS,TESS
2460094.7769234357,-0.0130525315,TESS,TESS
2460094.7977562943,-0.00040620426,TESS,TESS
2460094.807015342,-0.0015224507,TESS,TESS
2460094.809330104,-0.0063523063,TESS,TESS
2460094.811644866,-0.0090070935,TESS,TESS
2460094.813959628,-0.011030223,TESS,TESS
2460094.81627439,-0.0022679586,TESS,TESS
2460094.818589152,-0.0046866206,TESS,TESS
2460094.820903914,-0.0074165687,TESS,TESS
2460094.823218676,-0.004665872,TESS,TESS
2460094.825533438,-0.008117191,TESS,TESS
2460094.8278482,-0.008137488,TESS,TESS
2460094.830162962,-0.0087847505,TESS,TESS
2460094.832477724,-0.0115504,TESS,TESS
2460094.834792486,-0.008939059,TESS,TESS
2460094.837107248,-0.009361311,TESS,TESS
2460094.83942201,-0.005934676,TESS,TESS
2460094.841736772,0.0027785283,TESS,TESS
2460094.844051534,-0.012259752,TESS,TESS
2460094.8463662956,-0.010625539,TESS,TESS
2460094.848681058,-0.014926832,TESS,TESS
2460094.8509958196,-0.0067482954,TESS,TESS
2460094.8533105818,-0.01408802,TESS,TESS
2460094.8556253435,-0.015671996,TESS,TESS
2460094.8579401057,-0.007752415,TESS,TESS
2460094.8602548675,-0.012385288,TESS,TESS
2460094.8625696297,-0.013267611,TESS,TESS
2460094.8648843914,-0.008381155,TESS,TESS
2460094.8671991536,-0.010603879,TESS,TESS
2460094.8695139154,-0.01885746,TESS,TESS
2460094.8718286776,-0.015380195,TESS,TESS
2460094.8741434393,-0.01592074,TESS,TESS
2460094.876458201,-0.009279055,TESS,TESS
2460094.8787729633,-0.008761769,TESS,TESS
2460094.881087725,-0.013363499,TESS,TESS
2460094.8834024873,-0.019469127,TESS,TESS
2460094.885717249,-0.018875651,TESS,TESS
2460094.8880320108,-0.012380426,TESS,TESS
2460094.890346773,-0.010653865,TESS,TESS
2460094.8926615347,-0.017383343,TESS,TESS
2460094.894976297,-0.013871571,TESS,TESS
2460094.8972910587,-0.01588643,TESS,TESS
2460094.8996058204,-0.011943091,TESS,TESS
2460094.9019205826,-0.015912196,TESS,TESS
2460094.9042353444,-0.02015071,TESS,TESS
2460094.9065501066,-0.017225005,TESS,TESS
2460094.9088648683,-0.023035986,TESS,TESS
2460094.91117963,-0.018410001,TESS,TESS
2460094.9134943923,-0.019724881,TESS,TESS
2460094.915809154,-0.013938146,TESS,TESS
2460094.9181239163,-0.0126620345,TESS,TESS
2460094.920438678,-0.01613729,TESS,TESS
2460094.9227534398,-0.01190046,TESS,TESS
2460094.925068202,-0.010611057,TESS,TESS
2460094.9273829637,-0.017247554,TESS,TESS
2460094.9296977255,-0.022141786,TESS,TESS
2460094.9320124877,-0.021518808,TESS,TESS
2460094.9343272494,-0.020732695,TESS,TESS
2460094.936642011,-0.019881204,TESS,TESS
2460094.9389567734,-0.013855213,TESS,TESS
2460094.941271535,-0.01439422,TESS,TESS
2460094.943586297,-0.01333371,TESS,TESS
2460094.945901059,-0.018029192,TESS,TESS
2460094.948215821,-0.01914884,TESS,TESS
2460094.9505305826,-0.020120723,TESS,TESS
2460094.952845345,-0.026218267,TESS,TESS
2460094.9551601065,-0.01860252,TESS,TESS
2460094.9574748683,-0.020974187,TESS,TESS
2460094.9597896305,-0.022393867,TESS,TESS
2460094.9621043922,-0.019173766,TESS,TESS
2460094.964419154,-0.01587712,TESS,TESS
2460094.966733916,-0.01838964,TESS,TESS
2460094.969048678,-0.02101202,TESS,TESS
2460094.9713634397,-0.018074127,TESS,TESS
2460094.9736782014,-0.016736982,TESS,TESS
2460094.9759929636,-0.0153447185,TESS,TESS
2460094.9783077254,-0.017080277,TESS,TESS
2460094.980622487,-0.009096043,TESS,TESS
2460094.9829372494,-0.015464032,TESS,TESS
2460094.985252011,-0.017289974,TESS,TESS
2460094.987566773,-0.019864682,TESS,TESS
2460094.9898815346,-0.018032247,TESS,TESS
2460094.992196297,-0.02140549,TESS,TESS
2460094.9945110586,-0.009917045,TESS,TESS
2460094.9968258203,-0.02542101,TESS,TESS
2460094.9991405825,-0.014719871,TESS,TESS
2460095.0014553443,-0.012503903,TESS,TESS
2460095.003770106,-0.017129203,TESS,TESS
2460095.0060848678,-0.017117735,TESS,TESS
2460095.00839963,-0.015603233,TESS,TESS
2460095.0107143917,-0.018558497,TESS,TESS
2460095.0130291535,-0.021964228,TESS,TESS
2460095.015343915,-0.026365068,TESS,TESS
2460095.017658677,-0.021719404,TESS,TESS
2460095.019973439,-0.015472708,TESS,TESS
2460095.022288201,-0.020076128,TESS,TESS
2460095.0246029627,-0.019976765,TESS,TESS
2460095.0269177244,-0.01696089,TESS,TESS
2460095.0292324866,-0.011879338,TESS,TESS
2460095.0315472484,-0.022393616,TESS,TESS
2460095.03386201,-0.008047045,TESS,TESS
2460095.036176772,-0.014826613,TESS,TESS
2460095.0384915336,-0.015427027,TESS,TESS
2460095.040806296,-0.012794945,TESS,TESS
2460095.0431210576,-0.011127079,TESS,TESS
2460095.0454358193,-0.020064946,TESS,TESS
2460095.047750581,-0.014280538,TESS,TESS
2460095.050065343,-0.018772107,TESS,TESS
2460095.052380105,-0.015135667,TESS,TESS
2460095.0546948668,-0.014873086,TESS,TESS
2460095.0570096285,-0.012730602,TESS,TESS
2460095.0593243903,-0.018512946,TESS,TESS
2460095.061639152,-0.015574526,TESS,TESS
2460095.0639539137,-0.017698294,TESS,TESS
2460095.066268676,-0.017289847,TESS,TESS
2460095.0685834377,-0.0130882105,TESS,TESS
2460095.0708981995,-0.01834892,TESS,TESS
2460095.073212961,-0.015450504,TESS,TESS
2460095.075527723,-0.019524427,TESS,TESS
2460095.0778424847,-0.012828842,TESS,TESS
2460095.080157247,-0.013575193,TESS,TESS
2460095.0824720087,-0.014896575,TESS,TESS
2460095.0847867704,-0.014008805,TESS,TESS
2460095.087101532,-0.01385023,TESS,TESS
2460095.089416294,-0.02121296,TESS,TESS
2460095.0917310556,-0.016476698,TESS,TESS
2460095.094045818,-0.0126514165,TESS,TESS
2460095.0963605796,-0.018899819,TESS,TESS
2460095.0986753413,-0.015055635,TESS,TESS
2460095.100990103,-0.01249904,TESS,TESS
2460095.103304865,-0.022080027,TESS,TESS
2460095.1056196266,-0.012617514,TESS,TESS
2460095.1079343883,-0.01338958,TESS,TESS
2460095.11024915,-0.012406019,TESS,TESS
2460095.112563912,-0.0113379285,TESS,TESS
2460095.114878674,-0.008256695,TESS,TESS
2460095.117193436,-0.014422959,TESS,TESS
2460095.1195081975,-0.01821834,TESS,TESS
2460095.1218229593,-0.014879085,TESS,TESS
2460095.124137721,-0.01586347,TESS,TESS
2460095.126452483,-0.011449228,TESS,TESS
2460095.1287672445,-0.013371553,TESS,TESS
2460095.1310820063,-0.012047801,TESS,TESS
2460095.133396768,-0.018541448,TESS,TESS
2460095.1357115298,-0.007089492,TESS,TESS
2460095.138026292,-0.012470635,TESS,TESS
2460095.1403410537,-0.012855958,TESS,TESS
2460095.1426558155,-0.008366514,TESS,TESS
2460095.144970577,-0.013956418,TESS,TESS
2460095.147285339,-0.0070475703,TESS,TESS
2460095.1496001007,-0.0011029585,TESS,TESS
2460095.1519148625,-0.0056967675,TESS,TESS
2460095.154229624,0.0025586043,TESS,TESS
2460095.156544386,-0.0032262881,TESS,TESS
2460095.1588591477,-0.00016785754,TESS,TESS
2460095.1611739094,-0.008017239,TESS,TESS
2460095.163488671,0.0018189767,TESS,TESS
2460095.165803433,0.0014395667,TESS,TESS
2460095.1681181947,-0.0031027845,TESS,TESS
2460095.170432957,-0.008229206,TESS,TESS
2460095.1727477186,-0.0061328937,TESS,TESS
2460095.1750624804,-0.012167476,TESS,TESS
2460095.177377242,-0.009137885,TESS,TESS
2460095.179692004,0.001249976,TESS,TESS
2460095.1820067656,-0.00897372,TESS,TESS
2460095.1843215274,0.0038206885,TESS,TESS
2460095.186636289,-0.0048786234,TESS,TESS
2460095.188951051,0.0020432242,TESS,TESS
2460095.1912658126,0.0058139306,TESS,TESS
2460095.1935805744,0.0013349833,TESS,TESS
2460095.195895336,0.0074753985,TESS,TESS
2460095.198210098,0.0027507595,TESS,TESS
2460095.2005248596,0.0037035379,TESS,TESS
2460095.2028396213,0.00027041265,TESS,TESS
2460095.205154383,0.003161976,TESS,TESS
2460095.207469145,0.001833951,TESS,TESS
2460095.2097839066,0.0098830005,TESS,TESS
2460095.2120986683,-0.0005213476,TESS,TESS
2460095.21441343,0.008275166,TESS,TESS
2460095.216728192,-0.002804872,TESS,TESS
2460095.2190429536,0.0073633255,TESS,TESS
2460095.2213577153,0.0048789964,TESS,TESS
2460095.223672477,0.004851759,TESS,TESS
2460095.225987239,0.0062470725,TESS,TESS
2460095.2283020006,0.009895083,TESS,TESS
2460095.2306167623,0.0011856421,TESS,TESS
2460095.232931524,0.008644056,TESS,TESS
2460095.235246286,0.01602283,TESS,TESS
2460095.2375610475,0.010904028,TESS,TESS
2460095.2398758093,0.007082608,TESS,TESS
2460095.242190571,0.0016468193,TESS,TESS
2460095.244505333,0.008480727,TESS,TESS
2460095.2468200945,0.0058062538,TESS,TESS
2460095.2491348563,0.006971422,TESS,TESS
2460095.251449618,0.0013779429,TESS,TESS
2460095.25376438,0.0002372061,TESS,TESS
2460095.2560791415,0.004889853,TESS,TESS
2460095.2583939033,0.007948513,TESS,TESS
2460095.260708665,0.0061769746,TESS,TESS
2460095.2630234263,0.0106018735,TESS,TESS
2460095.265338188,0.003836405,TESS,TESS
2460095.26765295,0.00034032442,TESS,TESS
2460095.2699677115,0.002392816,TESS,TESS
2460095.2722824733,0.0022039015,TESS,TESS
2460095.274597235,0.007005682,TESS,TESS
2460095.276911997,0.00577561,TESS,TESS
2460095.2792267585,0.008207349,TESS,TESS
2460095.2815415203,0.0152111035,TESS,TESS
2460095.283856282,0.008065796,TESS,TESS
2460095.2861710438,0.0013285684,TESS,TESS
2460095.2884858055,0.002122328,TESS,TESS
2460095.2908005673,0.004919692,TESS,TESS
2460095.293115329,0.015179404,TESS,TESS
2460095.2954300907,0.0113970805,TESS,TESS
2460095.2977448525,0.007989258,TESS,TESS
2460095.300059614,0.0071881376,TESS,TESS
2460095.3023743755,0.010326654,TESS,TESS
2460095.3046891373,0.0015417621,TESS,TESS
2460095.307003899,0.013749503,TESS,TESS
2460095.3093186608,0.012734701,TESS,TESS
2460095.3116334225,0.01434752,TESS,TESS
2460095.3139481843,0.0048189973,TESS,TESS
2460095.316262946,0.012264996,TESS,TESS
2460095.3185777077,0.014169496,TESS,TESS
2460095.3208924695,0.018094288,TESS,TESS
2460095.3232072312,0.0071405172,TESS,TESS
2460095.3255219925,0.012246342,TESS,TESS
2460095.3278367543,0.011486942,TESS,TESS
2460095.330151516,0.018604377,TESS,TESS
2460095.3324662778,0.010807222,TESS,TESS
2460095.3347810395,0.010752842,TESS,TESS
2460095.3370958013,0.012597534,TESS,TESS
2460095.339410563,0.011165532,TESS,TESS
2460095.3417253247,0.0143942125,TESS,TESS
2460095.3440400865,0.017744737,TESS,TESS
2460095.346354848,0.009371704,TESS,TESS
2460095.3486696095,0.017504465,TESS,TESS
2460095.3509843713,0.012526501,TESS,TESS
2460095.353299133,0.012519234,TESS,TESS
2460095.3556138948,0.018147195,TESS,TESS
2460095.3579286565,0.015274765,TESS,TESS
2460095.3602434183,0.023395557,TESS,TESS
2460095.36255818,0.014874615,TESS,TESS
2460095.3648729413,0.0182748,TESS,TESS
2460095.367187703,0.011622793,TESS,TESS
2460095.369502465,0.021429934,TESS,TESS
2460095.3718172265,0.020041747,TESS,TESS
2460095.3741319883,0.013550018,TESS,TESS
2460095.37644675,0.009527791,TESS,TESS
2460095.3787615118,0.019395456,TESS,TESS
2460095.3810762735,0.010492222,TESS,TESS
2460095.383391035,0.019283727,TESS,TESS
2460095.3857057965,0.021479834,TESS,TESS
2460095.3880205583,0.026776271,TESS,TESS
2460095.39033532,0.031332795,TESS,TESS
2460095.392650082,0.030609187,TESS,TESS
2460095.3949648435,0.03190006,TESS,TESS
2460095.397279605,0.035612233,TESS,TESS
2460095.3995943666,0.037461497,TESS,TESS
2460095.4019091283,0.043629445,TESS,TESS
2460095.40422389,0.049810067,TESS,TESS
2460095.406538652,0.0462136,TESS,TESS
2460095.4088534135,0.05273565,TESS,TESS
2460095.4111681753,0.054406114,TESS,TESS
2460095.4134829366,0.06555201,TESS,TESS
2460095.4157976983,0.061833374,TESS,TESS
2460095.41811246,0.06357582,TESS,TESS
2460095.420427222,0.07079983,TESS,TESS
2460095.4227419836,0.07906279,TESS,TESS
2460095.4250567453,0.09033671,TESS,TESS
2460095.4273715066,0.08732445,TESS,TESS
2460095.4296862683,0.08691767,TESS,TESS
2460095.43200103,0.095764935,TESS,TESS
2460095.434315792,0.0947401,TESS,TESS
2460095.4366305536,0.10060991,TESS,TESS
2460095.438945315,0.1055795,TESS,TESS
2460095.4412600766,0.1116343,TESS,TESS
2460095.4435748383,0.11929784,TESS,TESS
2460095.4458896,0.12424674,TESS,TESS
2460095.448204362,0.12302231,TESS,TESS
2460095.4505191236,0.13118684,TESS,TESS
2460095.452833885,0.13911363,TESS,TESS
2460095.4551486466,0.14140299,TESS,TESS
2460095.4574634084,0.13548644,TESS,TESS
2460095.45977817,0.14760922,TESS,TESS
2460095.462092932,0.1439068,TESS,TESS
2460095.464407693,0.15341394,TESS,TESS
2460095.466722455,0.15689091,TESS,TESS
2460095.4690372166,0.1639372,TESS,TESS
2460095.4713519784,0.15442021,TESS,TESS
2460095.47366674,0.16706675,TESS,TESS
2460095.4759815014,0.16389835,TESS,TESS
2460095.478296263,0.16102144,TESS,TESS
2460095.480611025,0.1698973,TESS,TESS
2460095.4829257866,0.16842365,TESS,TESS
2460095.4852405484,0.16661154,TESS,TESS
2460095.4875553097,0.16321339,TESS,TESS
2460095.4898700714,0.16700953,TESS,TESS
2460095.492184833,0.17274351,TESS,TESS
2460095.494499595,0.17327712,TESS,TESS
2460095.496814356,0.17635757,TESS,TESS
2460095.499129118,0.1656363,TESS,TESS
2460095.5014438797,0.17336953,TESS,TESS
2460095.5037586414,0.16142985,TESS,TESS
2460095.506073403,0.17079899,TESS,TESS
2460095.5083881645,0.16795498,TESS,TESS
2460095.510702926,0.15883298,TESS,TESS
2460095.513017688,0.1714338,TESS,TESS
2460095.5153324497,0.15779884,TESS,TESS
2460095.517647211,0.16198121,TESS,TESS
2460095.5199619727,0.15392709,TESS,TESS
2460095.5222767345,0.15476651,TESS,TESS
2460095.524591496,0.14548706,TESS,TESS
2460095.526906258,0.14740032,TESS,TESS
2460095.5292210192,0.14358397,TESS,TESS
2460095.531535781,0.1411616,TESS,TESS
2460095.5338505427,0.14852224,TESS,TESS
2460095.5361653045,0.13468319,TESS,TESS
2460095.5384800658,0.12612064,TESS,TESS
2460095.5407948275,0.12468001,TESS,TESS
2460095.5431095893,0.124242455,TESS,TESS
2460095.545424351,0.11762452,TESS,TESS
2460095.5477391123,0.11192848,TESS,TESS
2460095.550053874,0.11088491,TESS,TESS
2460095.552368636,0.11272712,TESS,TESS
2460095.5546833975,0.104279116,TESS,TESS
2460095.5569981593,0.0860617,TESS,TESS
2460095.5593129206,0.09662605,TESS,TESS
2460095.5616276823,0.08935408,TESS,TESS
2460095.563942444,0.08110471,TESS,TESS
2460095.566257206,0.07835633,TESS,TESS
2460095.568571967,0.06901997,TESS,TESS
2460095.570886729,0.06565596,TESS,TESS
2460095.5732014906,0.06675237,TESS,TESS
2460095.5755162523,0.06327751,TESS,TESS
2460095.5778310136,0.05204992,TESS,TESS
2460095.5801457753,0.06050918,TESS,TESS
2460095.582460537,0.050988324,TESS,TESS
2460095.584775299,0.03881789,TESS,TESS
2460095.58709006,0.032056753,TESS,TESS
2460095.589404822,0.04295213,TESS,TESS
2460095.5917195836,0.025254715,TESS,TESS
2460095.5940343454,0.03337357,TESS,TESS
2460095.5963491066,0.02771579,TESS,TESS
2460095.5986638684,0.026564168,TESS,TESS
2460095.60097863,0.01535359,TESS,TESS
2460095.603293392,0.025400914,TESS,TESS
2460095.605608153,0.02336395,TESS,TESS
2460095.607922915,0.027303066,TESS,TESS
2460095.6102376767,0.017098825,TESS,TESS
2460095.6125524384,0.025497109,TESS,TESS
2460095.6148671997,0.02272202,TESS,TESS
2460095.6171819614,0.020665007,TESS,TESS
2460095.619496723,0.011565428,TESS,TESS
2460095.6218114845,0.022611933,TESS,TESS
2460095.624126246,0.013862499,TESS,TESS
2460095.626441008,0.013567646,TESS,TESS
2460095.6287557697,0.013894027,TESS,TESS
2460095.631070531,0.019659607,TESS,TESS
2460095.6333852927,0.018411765,TESS,TESS
2460095.6357000545,0.015903043,TESS,TESS
2460095.638014816,0.017208159,TESS,TESS
2460095.6403295775,0.015233745,TESS,TESS
2460095.6426443392,0.007758239,TESS,TESS
2460095.644959101,0.01805402,TESS,TESS
2460095.6472738627,0.011218691,TESS,TESS
2460095.649588624,0.005865657,TESS,TESS
2460095.6519033858,0.020920627,TESS,TESS
2460095.6542181475,0.014350406,TESS,TESS
2460095.656532909,0.017109279,TESS,TESS
2460095.6588476705,0.00961965,TESS,TESS
2460095.6611624323,0.011905603,TESS,TESS
2460095.663477194,0.0068937875,TESS,TESS
2460095.6657919553,0.007965984,TESS,TESS
2460095.668106717,0.009864455,TESS,TESS
2460095.670421479,0.014972375,TESS,TESS
2460095.6727362406,0.012616586,TESS,TESS
2460095.675051002,0.021135526,TESS,TESS
2460095.6773657636,0.010746176,TESS,TESS
2460095.6796805253,0.013099545,TESS,TESS
2460095.681995287,0.01700587,TESS,TESS
2460095.6843100484,0.0014328274,TESS,TESS
2460095.68662481,0.012444409,TESS,TESS
2460095.688939572,0.012506336,TESS,TESS
2460095.691254333,0.0013380286,TESS,TESS
2460095.693569095,0.001419349,TESS,TESS
2460095.6958838566,0.010407475,TESS,TESS
2460095.6981986184,0.010377811,TESS,TESS
2460095.7005133796,-0.0012104001,TESS,TESS
2460095.7028281414,0.009905271,TESS,TESS
2460095.705142903,0.011636334,TESS,TESS
2460095.7074576644,0.004892323,TESS,TESS
2460095.709772426,0.004891933,TESS,TESS
2460095.712087188,0.008269101,TESS,TESS
2460095.7144019497,0.0062621734,TESS,TESS
2460095.716716711,0.001921273,TESS,TESS
2460095.7190314727,0.004523275,TESS,TESS
2460095.7213462344,0.0069434806,TESS,TESS
2460095.723660996,0.001534828,TESS,TESS
2460095.7259757575,0.000947581,TESS,TESS
2460095.728290519,-0.002909693,TESS,TESS
2460095.730605281,0.0017826114,TESS,TESS
2460095.7329200422,0.0021445688,TESS,TESS
2460095.735234804,0.0050548534,TESS,TESS
2460095.7375495657,-0.0023325365,TESS,TESS
2460095.7398643275,0.009716611,TESS,TESS
2460095.7421790888,0.0024520974,TESS,TESS
2460095.7444938505,0.002540442,TESS,TESS
2460095.7468086123,-0.002677705,TESS,TESS
2460095.749123374,-0.0023565586,TESS,TESS
2460095.7514381353,0.0034929055,TESS,TESS
2460095.753752897,0.0027974732,TESS,TESS
2460095.756067659,-0.0010120579,TESS,TESS
2460095.75838242,0.008842446,TESS,TESS
2460095.760697182,0.0015454564,TESS,TESS
2460095.7630119435,-0.003463707,TESS,TESS
2460095.7653267053,0.005009992,TESS,TESS
2460095.7676414666,-0.00056054536,TESS,TESS
2460095.7699562283,-0.0051089823,TESS,TESS
2460095.77227099,-0.004439931,TESS,TESS
2460095.774585752,0.0063795354,TESS,TESS
2460095.776900513,-0.006086303,TESS,TESS
2460095.779215275,0.002631713,TESS,TESS
2460095.7815300366,-0.0025250854,TESS,TESS
2460095.783844798,-0.00799951,TESS,TESS
2460095.7861595596,-0.005515469,TESS,TESS
2460095.7884743214,-0.0058870474,TESS,TESS
2460095.790789083,-0.00460865,TESS,TESS
2460095.7931038444,-0.008688841,TESS,TESS
2460095.795418606,-0.0055606673,TESS,TESS
2460095.797733368,-0.0016961469,TESS,TESS
2460095.800048129,-0.002685323,TESS,TESS
2460095.802362891,-0.0049429177,TESS,TESS
2460095.8046776527,-0.0050467597,TESS,TESS
2460095.8069924144,-0.007815896,TESS,TESS
2460095.8093071757,-0.005486752,TESS,TESS
2460095.8116219374,-0.005978184,TESS,TESS
2460095.813936699,-0.005956945,TESS,TESS
2460095.816251461,-0.005335943,TESS,TESS
2460095.818566222,-0.0132772,TESS,TESS
2460095.820880984,-0.013927667,TESS,TESS
2460095.8231957457,0.00023727084,TESS,TESS
2460095.8255105074,-0.012046137,TESS,TESS
2460095.8278252687,-0.019532563,TESS,TESS
2460095.8301400305,-0.01170624,TESS,TESS
2460095.832454792,-0.0022369598,TESS,TESS
2460095.8347695535,-0.009234011,TESS,TESS
2460095.8370843153,-0.016191741,TESS,TESS
2460095.839399077,-0.009251593,TESS,TESS
2460095.8417138387,-0.013813043,TESS,TESS
2460095.8440286,-0.013734447,TESS,TESS
2460095.846343362,-0.012319386,TESS,TESS
2460095.8486581235,-0.014506868,TESS,TESS
2460095.8509728853,-0.00777002,TESS,TESS
2460095.8532876465,-0.009789554,TESS,TESS
2460095.8556024083,-0.008202616,TESS,TESS
2460095.85791717,-0.013909395,TESS,TESS
2460095.860231932,-0.013832468,TESS,TESS
2460095.862546693,-0.005688399,TESS,TESS
2460095.864861455,-0.004238697,TESS,TESS
2460095.8671762166,-0.017125508,TESS,TESS
2460095.8694909783,-0.009989249,TESS,TESS
2460095.8718057396,-0.016301526,TESS,TESS
2460095.8741205013,-0.0109104235,TESS,TESS
2460095.876435263,-0.013774448,TESS,TESS
2460095.8787500244,-0.008032913,TESS,TESS
2460095.881064786,-0.018255506,TESS,TESS
2460095.883379548,-0.009109263,TESS,TESS
2460095.8856943096,-0.015369859,TESS,TESS
2460095.8880090714,-0.010398015,TESS,TESS
2460095.8903238326,-0.0197123,TESS,TESS
2460095.8926385944,-0.020452792,TESS,TESS
2460095.894953356,-0.0258618,TESS,TESS
2460095.897268118,-0.016526796,TESS,TESS
2460095.899582879,-0.014465617,TESS,TESS
2460095.901897641,-0.01584944,TESS,TESS
2460095.9042124026,-0.016999243,TESS,TESS
2460095.9065271644,-0.019643914,TESS,TESS
2460095.9088419257,-0.014265209,TESS,TESS
2460095.9111566874,-0.018359989,TESS,TESS
2460095.913471449,-0.018263651,TESS,TESS
2460095.915786211,-0.011295659,TESS,TESS
2460095.918100972,-0.023119358,TESS,TESS
2460095.920415734,-0.015702616,TESS,TESS
2460095.9227304957,-0.016141756,TESS,TESS
2460095.9250452574,-0.015849184,TESS,TESS
2460095.9273600187,-0.011234686,TESS,TESS
2460095.9296747805,-0.008911331,TESS,TESS
2460095.931989542,-0.024260607,TESS,TESS
2460095.934304304,-0.0095604425,TESS,TESS
2460095.9366190652,-0.020495977,TESS,TESS
2460095.938933827,-0.018601757,TESS,TESS
2460095.9412485887,-0.017064478,TESS,TESS
2460095.9435633505,-0.013186801,TESS,TESS
2460095.945878112,-0.017797995,TESS,TESS
2460095.9481928735,-0.018283632,TESS,TESS
2460095.9505076353,-0.014459997,TESS,TESS
2460095.952822397,-0.014527684,TESS,TESS
2460095.9551371587,-0.012532947,TESS,TESS
2460095.95745192,-0.026707731,TESS,TESS
2460095.959766682,-0.025806444,TESS,TESS
2460095.9620814435,-0.018407077,TESS,TESS
2460095.9643962053,-0.019465059,TESS,TESS
2460095.966710967,-0.01769129,TESS,TESS
2460095.9690257283,-0.018389134,TESS,TESS
2460095.97134049,-0.017549809,TESS,TESS
2460095.973655252,-0.024238836,TESS,TESS
2460095.9759700135,-0.0109729525,TESS,TESS
2460095.978284775,-0.022912815,TESS,TESS
2460095.9805995366,-0.01738602,TESS,TESS
2460095.9829142983,-0.02462355,TESS,TESS
2460095.98522906,-0.015637934,TESS,TESS
2460095.987543822,-0.021471605,TESS,TESS
2460095.989858583,-0.01888201,TESS,TESS
2460095.992173345,-0.010479801,TESS,TESS
2460095.9944881066,-0.019571207,TESS,TESS
2460095.9968028683,-0.016625203,TESS,TESS
2460095.99911763,-0.017366786,TESS,TESS
2460096.0014323913,-0.01954642,TESS,TESS
2460096.003747153,-0.019236708,TESS,TESS
2460096.006061915,-0.018827315,TESS,TESS
2460096.0083766766,-0.02079225,TESS,TESS
2460096.0106914383,-0.021272615,TESS,TESS
2460096.0130061996,-0.018909613,TESS,TESS
2460096.0153209614,-0.018686108,TESS,TESS
2460096.017635723,-0.015921505,TESS,TESS
2460096.019950485,-0.0248557,TESS,TESS
2460096.0222652466,-0.012379147,TESS,TESS
2460096.0245800084,-0.018768797,TESS,TESS
2460096.0268947696,-0.017871458,TESS,TESS
2460096.0292095314,-0.013957441,TESS,TESS
2460096.031524293,-0.021957505,TESS,TESS
2460096.033839055,-0.009108237,TESS,TESS
2460096.0361538166,-0.011088005,TESS,TESS
2460096.038468578,-0.013295994,TESS,TESS
2460096.0407833396,-0.015669065,TESS,TESS
2460096.0430981014,-0.016902016,TESS,TESS
2460096.045412863,-0.01891521,TESS,TESS
2460096.047727625,-0.015810024,TESS,TESS
2460096.0500423866,-0.0150248725,TESS,TESS
2460096.052357148,-0.019469254,TESS,TESS
2460096.0546719097,-0.019778263,TESS,TESS
2460096.0569866714,-0.01643208,TESS,TESS
2460096.059301433,-0.024509542,TESS,TESS
2460096.061616195,-0.016838172,TESS,TESS
2460096.0639309566,-0.025212247,TESS,TESS
2460096.066245718,-0.026159517,TESS,TESS
2460096.0685604797,-0.023494717,TESS,TESS
2460096.0708752414,-0.019892387,TESS,TESS
2460096.073190003,-0.017474668,TESS,TESS
2460096.075504765,-0.010624386,TESS,TESS
2460096.0778195267,-0.015314985,TESS,TESS
2460096.0801342884,-0.011154879,TESS,TESS
2460096.0824490497,-0.012769872,TESS,TESS
2460096.0847638114,-0.012305053,TESS,TESS
2460096.087078573,-0.010097097,TESS,TESS
2460096.089393335,-0.01845645,TESS,TESS
2460096.0917080967,-0.015742034,TESS,TESS
2460096.0940228584,-0.023501301,TESS,TESS
2460096.09633762,-0.018486477,TESS,TESS
2460096.098652382,-0.013836173,TESS,TESS
2460096.100967143,-0.006585568,TESS,TESS
2460096.103281905,-0.010314813,TESS,TESS
2460096.1055966667,-0.011932338,TESS,TESS
2460096.1079114284,-0.00793758,TESS,TESS
2460096.11022619,-0.008294073,TESS,TESS
2460096.112540952,-0.01563181,TESS,TESS
2460096.1148557137,-0.010120563,TESS,TESS
2460096.1171704754,-0.006326185,TESS,TESS
2460096.1194852367,-0.017012494,TESS,TESS
2460096.1217999985,-0.01280262,TESS,TESS
2460096.12411476,-0.006036621,TESS,TESS
2460096.126429522,-0.0060156407,TESS,TESS
2460096.1287442837,-0.011534137,TESS,TESS
2460096.1310590454,-0.0053761266,TESS,TESS
2460096.133373807,-0.010180574,TESS,TESS
2460096.135688569,-0.004761364,TESS,TESS
2460096.1380033307,-0.0038454027,TESS,TESS
2460096.1403180924,-0.0033477137,TESS,TESS
2460096.1426328537,-0.012243754,TESS,TESS
2460096.1449476155,-0.012376202,TESS,TESS
2460096.147262377,-0.0063115153,TESS,TESS
2460096.149577139,-0.014479793,TESS,TESS
2460096.1518919007,-0.010394812,TESS,TESS
2460096.1542066624,-0.009783782,TESS,TESS
2460096.156521424,0.0009279554,TESS,TESS
2460096.158836186,-0.0063465163,TESS,TESS
2460096.1611509477,-0.013068518,TESS,TESS
2460096.1634657094,-0.009793146,TESS,TESS
2460096.165780471,-0.0037063616,TESS,TESS
2460096.168095233,-0.0056697293,TESS,TESS
2460096.170409994,-0.008373578,TESS,TESS
2460096.172724756,-0.014040363,TESS,TESS
2460096.1750395177,-0.005023055,TESS,TESS
2460096.1773542794,-0.008320276,TESS,TESS
2460096.179669041,-0.013730741,TESS,TESS
2460096.181983803,-0.0033697777,TESS,TESS
2460096.1842985647,-0.009300615,TESS,TESS
2460096.1866133264,-0.0023315032,TESS,TESS
2460096.188928088,-0.0036123246,TESS,TESS
2460096.19124285,-0.0037506039,TESS,TESS
2460096.1935576117,-0.0079715,TESS,TESS
2460096.1958723734,-0.009966422,TESS,TESS
2460096.198187135,-0.00220131,TESS,TESS
2460096.200501897,-0.0012056165,TESS,TESS
2460096.2028166587,-0.0040944195,TESS,TESS
2460096.2051314204,-0.0077277403,TESS,TESS
2460096.207446182,-0.003378036,TESS,TESS
2460096.209760944,-0.0040124087,TESS,TESS
2460096.2120757056,-0.017668115,TESS,TESS
2460096.2143904674,-0.005094812,TESS,TESS
2460096.216705229,-0.006273812,TESS,TESS
2460096.219019991,-5.138243e-05,TESS,TESS
2460096.2213347526,0.0009434356,TESS,TESS
2460096.2236495144,-0.010787406,TESS,TESS
2460096.225964276,-0.0019693,TESS,TESS
2460096.228279038,-0.0067385193,TESS,TESS
2460096.2305937996,-0.0032706792,TESS,TESS
2460096.2329085614,-0.008002721,TESS,TESS
2460096.235223323,-0.00631988,TESS,TESS
2460096.237538085,-0.00569651,TESS,TESS
2460096.2398528466,0.00044889076,TESS,TESS
2460096.2421676083,-0.0008121273,TESS,TESS
2460096.24448237,-0.011122339,TESS,TESS
2460096.246797132,-0.00035018072,TESS,TESS
2460096.2491118936,0.00059476355,TESS,TESS
2460096.2514266553,-0.006150268,TESS,TESS
2460096.253741417,0.0027165038,TESS,TESS
2460096.256056179,0.0030271797,TESS,TESS
2460096.2583709406,-0.0063957972,TESS,TESS
2460096.2606857023,0.0022856114,TESS,TESS
2460096.263000464,0.0007144937,TESS,TESS
2460096.265315226,0.0041168043,TESS,TESS
2460096.2676299876,0.0024679236,TESS,TESS
2460096.2699447493,0.004018783,TESS,TESS
2460096.272259511,0.003864396,TESS,TESS
2460096.274574273,-0.0060323738,TESS,TESS
2460096.2768890345,0.00486476,TESS,TESS
2460096.2792037963,0.004415795,TESS,TESS
2460096.281518558,0.0050317724,TESS,TESS
2460096.28383332,0.0030490498,TESS,TESS
2460096.286148082,0.004979696,TESS,TESS
2460096.2884628437,0.0051847,TESS,TESS
2460096.2907776055,0.0045430306,TESS,TESS
2460096.2930923672,0.0012284016,TESS,TESS
2460096.295407129,0.0032927,TESS,TESS
2460096.2977218907,0.010041707,TESS,TESS
2460096.3000366525,0.003917653,TESS,TESS
2460096.302351414,0.007249766,TESS,TESS
2460096.304666176,0.015449293,TESS,TESS
2460096.3069809377,0.014180905,TESS,TESS
2460096.3092956995,0.014471728,TESS,TESS
2460096.3116104617,0.0074459454,TESS,TESS
2460096.3139252234,0.0058467877,TESS,TESS
2460096.316239985,0.008377746,TESS,TESS
2460096.318554747,-0.0018868702,TESS,TESS
2460096.3208695087,0.009080352,TESS,TESS
2460096.3231842704,0.009637279,TESS,TESS
2460096.325499032,0.002759583,TESS,TESS
2460096.327813794,0.016620196,TESS,TESS
2460096.3301285557,0.009669992,TESS,TESS
2460096.3324433174,0.005623185,TESS,TESS
2460096.3347580796,0.0076244995,TESS,TESS
2460096.3370728414,0.0054351385,TESS,TESS
2460096.339387603,0.010791732,TESS,TESS
2460096.341702365,0.006507262,TESS,TESS
2460096.3440171266,0.01945798,TESS,TESS
2460096.3463318883,0.012936787,TESS,TESS
2460096.34864665,0.014274536,TESS,TESS
2460096.3509614123,0.005281591,TESS,TESS
2460096.353276174,0.008342922,TESS,TESS
2460096.355590936,0.014453692,TESS,TESS
2460096.3579056975,0.0046870494,TESS,TESS
2460096.3602204593,0.012318732,TESS,TESS
2460096.362535221,0.010231207,TESS,TESS
2460096.3648499832,0.009172631,TESS,TESS
2460096.367164745,0.008693894,TESS,TESS
2460096.3694795067,0.009728496,TESS,TESS
2460096.3717942685,0.011881329,TESS,TESS
2460096.3741090302,0.014041652,TESS,TESS
2460096.376423792,0.0047483416,TESS,TESS
2460096.378738554,0.001542929,TESS,TESS
2460096.381053316,0.0114391325,TESS,TESS
2460096.3833680777,0.0141012445,TESS,TESS
2460096.3856828394,0.0068750316,TESS,TESS
2460096.3879976016,0.004464985,TESS,TESS
2460096.3903123634,0.00787309,TESS,TESS
2460096.392627125,0.0147717465,TESS,TESS
2460096.394941887,0.006980801,TESS,TESS
2460096.3972566486,0.012460316,TESS,TESS
2460096.399571411,0.01897133,TESS,TESS
2460096.4018861726,0.018567512,TESS,TESS
2460096.4042009343,0.010925862,TESS,TESS
2460096.406515696,0.016824452,TESS,TESS
2460096.408830458,0.008934705,TESS,TESS
2460096.41114522,0.014845157,TESS,TESS
2460096.413459982,0.022938598,TESS,TESS
2460096.4157747435,0.021552378,TESS,TESS
2460096.4180895053,0.025126224,TESS,TESS
2460096.4204042675,0.024434537,TESS,TESS
2460096.4227190292,0.022325791,TESS,TESS
2460096.425033791,0.032163937,TESS,TESS
2460096.4273485527,0.03706528,TESS,TESS
2460096.429663315,0.0407161,TESS,TESS
2460096.4319780767,0.03608312,TESS,TESS
2460096.4342928384,0.04215501,TESS,TESS
2460096.4366076007,0.046710055,TESS,TESS
2460096.4389223624,0.049849503,TESS,TESS
2460096.441237124,0.050497368,TESS,TESS
2460096.443551886,0.06291708,TESS,TESS
2460096.445866648,0.05712105,TESS,TESS
2460096.44818141,0.06363195,TESS,TESS
2460096.4504961716,0.06526251,TESS,TESS
2460096.452810934,0.07385242,TESS,TESS
2460096.4551256956,0.07453674,TESS,TESS
2460096.4574404573,0.08073274,TESS,TESS
2460096.459755219,0.08339203,TESS,TESS
2460096.4620699813,0.08489594,TESS,TESS
2460096.464384743,0.09250997,TESS,TESS
2460096.4666995048,0.09207997,TESS,TESS
2460096.469014267,0.09306527,TESS,TESS
2460096.4713290287,0.095114574,TESS,TESS
2460096.473643791,0.107402295,TESS,TESS
2460096.4759585527,0.10547081,TESS,TESS
2460096.4782733144,0.11707901,TESS,TESS
2460096.4805880766,0.114163905,TESS,TESS
2460096.4829028384,0.10779245,TESS,TESS
2460096.4852176,0.114234574,TESS,TESS
2460096.4875323623,0.1230932,TESS,TESS
2460096.489847124,0.11800365,TESS,TESS
2460096.492161886,0.1285052,TESS,TESS
2460096.494476648,0.12281012,TESS,TESS
2460096.49679141,0.12174866,TESS,TESS
2460096.4991061715,0.14602809,TESS,TESS
2460096.5014209338,0.13344826,TESS,TESS
2460096.5037356955,0.13135847,TESS,TESS
2460096.5060504572,0.13115661,TESS,TESS
2460096.5083652195,0.12957402,TESS,TESS
2460096.510679981,0.13434997,TESS,TESS
2460096.5129947434,0.13649413,TESS,TESS
2460096.515309505,0.12773731,TESS,TESS
2460096.5176242674,0.13915491,TESS,TESS
2460096.519939029,0.13715294,TESS,TESS
2460096.522253791,0.13618815,TESS,TESS
2460096.524568553,0.12902093,TESS,TESS
2460096.526883315,0.13812196,TESS,TESS
2460096.529198077,0.1237047,TESS,TESS
2460096.531512839,0.12720269,TESS,TESS
2460096.533827601,0.12964095,TESS,TESS
2460096.5361423627,0.12848291,TESS,TESS
2460096.5384571245,0.12171477,TESS,TESS
2460096.5407718867,0.13305654,TESS,TESS
2460096.5430866485,0.13127229,TESS,TESS
2460096.5454014107,0.1290895,TESS,TESS
2460096.5477161724,0.12470448,TESS,TESS
2460096.5500309346,0.11630006,TESS,TESS
2460096.5523456964,0.11720148,TESS,TESS
2460096.5546604586,0.10831352,TESS,TESS
2460096.5569752203,0.11497951,TESS,TESS
2460096.5592899825,0.11099737,TESS,TESS
2460096.5616047443,0.12091347,TESS,TESS
2460096.5639195065,0.101801984,TESS,TESS
2460096.5662342682,0.09523532,TESS,TESS
2460096.56854903,0.09842671,TESS,TESS
2460096.570863792,0.095028125,TESS,TESS
2460096.573178554,0.08724366,TESS,TESS
2460096.575493316,0.09120197,TESS,TESS
2460096.577808078,0.09097886,TESS,TESS
2460096.58012284,0.07638679,TESS,TESS
2460096.582437602,0.071078174,TESS,TESS
2460096.584752364,0.070483096,TESS,TESS
2460096.587067126,0.066091634,TESS,TESS
2460096.589381888,0.05964765,TESS,TESS
