Wavelength,Intensity
2.999999999999999889e-01,5.588393870320073481e-02
3.022022022022021748e-01,-1.381197302798703452e-03
3.044044044044044162e-01,4.030024444704517067e-02
3.066066066066066020e-01,6.817885624814126744e-03
3.088088088088087879e-01,8.288202783317151490e-02
3.110110110110110293e-01,1.423130536405352309e-02
3.132132132132132152e-01,1.433497753899952987e-01
3.154154154154154011e-01,2.564980606047929240e-02
3.176176176176175869e-01,1.047377871081576206e-01
3.198198198198198283e-01,4.385436531835011642e-02
3.220220220220220142e-01,4.100952090249526671e-02
3.242242242242242001e-01,3.595026653370442249e-02
3.264264264264264415e-01,5.745888285974043441e-02
3.286286286286286273e-01,1.833598013385263903e-02
3.308308308308308132e-01,8.101239397099078976e-02
3.330330330330329991e-01,1.037644721379100132e-01
3.352352352352352405e-01,1.433111144332972764e-01
3.374374374374374264e-01,1.426551329680665336e-01
3.396396396396396122e-01,1.271058398610547535e-01
3.418418418418418536e-01,1.619423786914402918e-01
3.440440440440440395e-01,-9.021914567859654066e-03
3.462462462462462254e-01,6.443404367059291094e-02
3.484484484484484668e-01,1.364996145941475558e-01
3.506506506506506526e-01,8.697183298261343398e-02
3.528528528528528385e-01,5.353805591535858166e-02
3.550550550550550244e-01,1.077496839915073612e-02
3.572572572572572658e-01,1.586404349037000561e-01
3.594594594594594517e-01,1.421784864246675995e-01
3.616616616616616375e-01,5.055372043482565109e-02
3.638638638638638234e-01,-3.982658828829468978e-02
3.660660660660660648e-01,9.767473341725309288e-02
3.682682682682682507e-01,2.441181734929667724e-02
3.704704704704704366e-01,9.241569811270866630e-02
3.726726726726726779e-01,1.538890691060858795e-01
3.748748748748748638e-01,1.003290668377442435e-01
3.770770770770770497e-01,7.832660977262326241e-02
3.792792792792792911e-01,8.547322898847450889e-02
3.814814814814814770e-01,4.068748254224198446e-02
3.836836836836836628e-01,1.517181165646315777e-01
3.858858858858859042e-01,4.232116123356199910e-02
3.880880880880880901e-01,1.502929884304642361e-01
3.902902902902902760e-01,2.712579635411681289e-02
3.924924924924925174e-01,6.785818764548126603e-02
3.946946946946947032e-01,1.464283288040637843e-01
3.968968968968968891e-01,1.156709144423891528e-01
3.990990990990990750e-01,1.615930757973454701e-01
4.013013013013013164e-01,2.765843650534073606e-02
4.035035035035035023e-01,1.072350059406652484e-01
4.057057057057056881e-01,1.098540185339865194e-01
4.079079079079078740e-01,7.115177516058199259e-02
4.101101101101101154e-01,1.039468850013483270e-01
4.123123123123123013e-01,1.364697415684066606e-01
4.145145145145144872e-01,2.220569409982918740e-01
4.167167167167167285e-01,1.665882153939327315e-01
4.189189189189189144e-01,2.043372953086931010e-01
4.211211211211211003e-01,1.696788359483861752e-01
4.233233233233233417e-01,8.891115317055693634e-02
4.255255255255255276e-01,8.148505514455092746e-02
4.277277277277277134e-01,4.847698172016687290e-02
4.299299299299299548e-01,1.076243752729949127e-01
4.321321321321321407e-01,1.086733312232375515e-01
4.343343343343343266e-01,1.570666447842087587e-01
4.365365365365365680e-01,2.049448300645304588e-01
4.387387387387386983e-01,1.427293547008199326e-01
4.409409409409409397e-01,1.218368501723225278e-01
4.431431431431431811e-01,1.442325903335946735e-01
4.453453453453453115e-01,1.088474569270987680e-01
4.475475475475475529e-01,1.661687468675057677e-01
4.497497497497497387e-01,1.926127829147421533e-01
4.519519519519519246e-01,1.788434169326862944e-01
4.541541541541541660e-01,2.367217115988625165e-01
4.563563563563563519e-01,1.941827513727155674e-01
4.585585585585585378e-01,1.569558503182134912e-01
4.607607607607607791e-01,1.784390322254346128e-01
4.629629629629629650e-01,2.539643906040207622e-01
4.651651651651651509e-01,1.555854622941539589e-01
4.673673673673673923e-01,1.770856403044337168e-01
4.695695695695695782e-01,2.487271883512202908e-01
4.717717717717717640e-01,2.774067428968613469e-01
4.739739739739740054e-01,1.462643194612235353e-01
4.761761761761761913e-01,2.365001451655978082e-01
4.783783783783783772e-01,2.284214309392777198e-01
4.805805805805806186e-01,2.150931942553095666e-01
4.827827827827827489e-01,1.482791720083050380e-01
4.849849849849849903e-01,2.037111113185512690e-01
4.871871871871871762e-01,1.747601740940737391e-01
4.893893893893893621e-01,2.042857492876872794e-01
4.915915915915916035e-01,3.123070656667905620e-01
4.937937937937937893e-01,2.479886962672055162e-01
4.959959959959959752e-01,2.071901095124044079e-01
4.981981981981982166e-01,2.111904294021592632e-01
5.004004004004003470e-01,2.268930508993411699e-01
5.026026026026025884e-01,3.100827425953303074e-01
5.048048048048048297e-01,3.304112253704321600e-01
5.070070070070069601e-01,1.686795150471694094e-01
5.092092092092092015e-01,1.995392609465352352e-01
5.114114114114114429e-01,2.649293028780670967e-01
5.136136136136135732e-01,2.136985998051005309e-01
5.158158158158158146e-01,2.165398288110698954e-01
5.180180180180180560e-01,2.997938422525996960e-01
5.202202202202201864e-01,2.921449508088276303e-01
5.224224224224224278e-01,3.032929407603212058e-01
5.246246246246246692e-01,2.042347547290880305e-01
5.268268268268267995e-01,2.910569796274467547e-01
5.290290290290290409e-01,2.224736322058169513e-01
5.312312312312312823e-01,2.130500601712153608e-01
5.334334334334334127e-01,2.863609204609984249e-01
5.356356356356356541e-01,2.748302682734574676e-01
5.378378378378378954e-01,2.704136973550885781e-01
5.400400400400400258e-01,2.476398845836173535e-01
5.422422422422422672e-01,2.209602301098201604e-01
5.444444444444445086e-01,3.085086055085194956e-01
5.466466466466466390e-01,3.029690687000003435e-01
5.488488488488488803e-01,2.312742647172125188e-01
5.510510510510511217e-01,2.242354812965016431e-01
5.532532532532532521e-01,3.101244757197771929e-01
5.554554554554553825e-01,3.795357558235045725e-01
5.576576576576577349e-01,3.174231902792122861e-01
5.598598598598598652e-01,3.825581893645108589e-01
5.620620620620619956e-01,3.515231907680846368e-01
5.642642642642643480e-01,3.870119781328620334e-01
5.664664664664664784e-01,3.780277883238489789e-01
5.686686686686686087e-01,4.214053614920453827e-01
5.708708708708709612e-01,4.198799496280472554e-01
5.730730730730730915e-01,3.289246015472388485e-01
5.752752752752752219e-01,3.579099925234013324e-01
5.774774774774774633e-01,3.736432952964700571e-01
5.796796796796797047e-01,6.431402902156617696e-01
5.818818818818818350e-01,6.784570865597365774e-01
5.840840840840840764e-01,8.930582068703144527e-01
5.862862862862863178e-01,1.131900655787148047e+00
5.884884884884884482e-01,1.257085739747640485e+00
5.906906906906906896e-01,1.347811612631684142e+00
5.928928928928929309e-01,1.118307488140500849e+00
5.950950950950950613e-01,8.400114860857224031e-01
5.972972972972973027e-01,6.057743770309240716e-01
5.994994994994995441e-01,4.375552648892384600e-01
6.017017017017016745e-01,4.243744920427673373e-01
6.039039039039039158e-01,3.669713139101708488e-01
6.061061061061061572e-01,3.876291244621176135e-01
6.083083083083082876e-01,4.976616626068083860e-01
6.105105105105105290e-01,3.611536962587556521e-01
6.127127127127127704e-01,5.072411219531463011e-01
6.149149149149149007e-01,5.685962108169533291e-01
6.171171171171171421e-01,3.449600176448218702e-01
6.193193193193193835e-01,4.496566548680986375e-01
6.215215215215215139e-01,4.597591143584786044e-01
6.237237237237237553e-01,3.903906034097772704e-01
6.259259259259259967e-01,5.269284458125907955e-01
6.281281281281281270e-01,4.787106231093380959e-01
6.303303303303303684e-01,4.537280952465877482e-01
6.325325325325326098e-01,4.720760209002680674e-01
6.347347347347347402e-01,4.224811604836737344e-01
6.369369369369368705e-01,4.203593696613724395e-01
6.391391391391392229e-01,5.133616449834214057e-01
6.413413413413413533e-01,4.797264891190935465e-01
6.435435435435434837e-01,4.457673174237374303e-01
6.457457457457458361e-01,4.795814424085277361e-01
6.479479479479479664e-01,5.489668188837936169e-01
6.501501501501500968e-01,4.595439435881453760e-01
6.523523523523524492e-01,4.264011691457014752e-01
6.545545545545545796e-01,4.637147299479476570e-01
6.567567567567567099e-01,5.070421532332923809e-01
6.589589589589589513e-01,4.997366348018717486e-01
6.611611611611611927e-01,5.358485318052499391e-01
6.633633633633633231e-01,5.830951059525328883e-01
6.655655655655655645e-01,5.921063191872245612e-01
6.677677677677678059e-01,5.367441297063954009e-01
6.699699699699699362e-01,5.816501795969700739e-01
6.721721721721721776e-01,6.299376774548087754e-01
6.743743743743744190e-01,5.497689472609473826e-01
6.765765765765765494e-01,5.783483599708555412e-01
6.787787787787787908e-01,6.116144471182621833e-01
6.809809809809810321e-01,6.397593244385685329e-01
6.831831831831831625e-01,6.132153141998138990e-01
6.853853853853854039e-01,6.125149834219696388e-01
6.875875875875876453e-01,6.010636934675392951e-01
6.897897897897897757e-01,6.855295887672613331e-01
6.919919919919920170e-01,5.945530176107945985e-01
6.941941941941942584e-01,7.169295971660837319e-01
6.963963963963963888e-01,7.646901085803325948e-01
6.985985985985986302e-01,7.081020687863086582e-01
7.008008008008008716e-01,6.154391625455022385e-01
7.030030030030030019e-01,7.785157728865830240e-01
7.052052052052052433e-01,6.925301156110882372e-01
7.074074074074074847e-01,7.545396656157892235e-01
7.096096096096096151e-01,6.957369678540683555e-01
7.118118118118118565e-01,7.287750476860817006e-01
7.140140140140140979e-01,6.926038280930764124e-01
7.162162162162162282e-01,7.350142644873758346e-01
7.184184184184183586e-01,8.005325124429699679e-01
7.206206206206207110e-01,7.585443965416207579e-01
7.228228228228228414e-01,6.960841600385412331e-01
7.250250250250249717e-01,7.405524754576309210e-01
7.272272272272273241e-01,7.918962087789428450e-01
7.294294294294294545e-01,8.516863975254276298e-01
7.316316316316315849e-01,8.469334950711916443e-01
7.338338338338338263e-01,8.549388860602281648e-01
7.360360360360360676e-01,8.113202840906893476e-01
7.382382382382381980e-01,9.398949218175032261e-01
7.404404404404404394e-01,9.537101808191514873e-01
7.426426426426426808e-01,1.016704095309489020e+00
7.448448448448448111e-01,1.056566377172375226e+00
7.470470470470470525e-01,1.287895597960348359e+00
7.492492492492492939e-01,1.381726888936086972e+00
7.514514514514514243e-01,1.526899371867386224e+00
7.536536536536536657e-01,1.753141070318495309e+00
7.558558558558559071e-01,1.976726778129361817e+00
7.580580580580580374e-01,2.025218094874972952e+00
7.602602602602602788e-01,2.145056030720751128e+00
7.624624624624625202e-01,2.207872859913505792e+00
7.646646646646646506e-01,2.308110054561929747e+00
7.668668668668668920e-01,2.170417708401495283e+00
7.690690690690691333e-01,2.171557864804146476e+00
7.712712712712712637e-01,2.096434203146980035e+00
7.734734734734735051e-01,1.978864479572775670e+00
7.756756756756757465e-01,1.838672115707398635e+00
7.778778778778778769e-01,1.647275596419256027e+00
7.800800800800801182e-01,1.501550623726245703e+00
7.822822822822823596e-01,1.325293905590383403e+00
7.844844844844844900e-01,1.296393210710119037e+00
7.866866866866867314e-01,1.141519544515187778e+00
7.888888888888889728e-01,1.107301895811777070e+00
7.910910910910911031e-01,1.178095907750767557e+00
7.932932932932932335e-01,1.094873223222731839e+00
7.954954954954955859e-01,1.074541314648805646e+00
7.976976976976977163e-01,1.085361941458888424e+00
7.998998998998998466e-01,1.025027823113683123e+00
8.021021021021021991e-01,1.064370835683665861e+00
8.043043043043043294e-01,1.020433403047751320e+00
8.065065065065064598e-01,1.142515410250830588e+00
8.087087087087088122e-01,1.115469299283573523e+00
8.109109109109109426e-01,1.067340366483959135e+00
8.131131131131130729e-01,1.234090146350000250e+00
8.153153153153154253e-01,1.143700857129883897e+00
8.175175175175175557e-01,1.188036384182032501e+00
8.197197197197196861e-01,1.235650102845350595e+00
8.219219219219220385e-01,1.165912339232354267e+00
8.241241241241241688e-01,1.152251905169634494e+00
8.263263263263262992e-01,1.181186040167814033e+00
8.285285285285286516e-01,1.226925503323305300e+00
8.307307307307307820e-01,1.162136633246258599e+00
8.329329329329329124e-01,1.242904421439169793e+00
8.351351351351352648e-01,1.282041646645882604e+00
8.373373373373373951e-01,1.161155103459694082e+00
8.395395395395395255e-01,1.251487765923531503e+00
8.417417417417418779e-01,1.275498061748693068e+00
8.439439439439440083e-01,1.277803503093680071e+00
8.461461461461461386e-01,1.349470229429609258e+00
8.483483483483482690e-01,1.363614322084117036e+00
8.505505505505506214e-01,1.345648858162196149e+00
8.527527527527527518e-01,1.374355948406787542e+00
8.549549549549548821e-01,1.418392182911177413e+00
8.571571571571572346e-01,1.391062114456220744e+00
8.593593593593593649e-01,1.415746588638390646e+00
8.615615615615614953e-01,1.437383794125211667e+00
8.637637637637638477e-01,1.343302500157893320e+00
8.659659659659659781e-01,1.391325684522270567e+00
8.681681681681681084e-01,1.523165017466215465e+00
8.703703703703704608e-01,1.448872674801152227e+00
8.725725725725725912e-01,1.569050474340535573e+00
8.747747747747747216e-01,1.456014703429480139e+00
8.769769769769770740e-01,1.498468878673809623e+00
8.791791791791792043e-01,1.584959144918385299e+00
8.813813813813813347e-01,1.564231350360617334e+00
8.835835835835836871e-01,1.504647339636263181e+00
8.857857857857858175e-01,1.540564459778093864e+00
8.879879879879879478e-01,1.648479653344409046e+00
8.901901901901903003e-01,1.614407289262228762e+00
8.923923923923924306e-01,1.686831162947831197e+00
8.945945945945945610e-01,1.584227590099632765e+00
8.967967967967969134e-01,1.654276090569739566e+00
8.989989989989990438e-01,1.708615328772436825e+00
9.012012012012011741e-01,1.671156388323637554e+00
9.034034034034035265e-01,1.744034302197738473e+00
9.056056056056056569e-01,1.713853487731606950e+00
9.078078078078077873e-01,1.751095543265941190e+00
9.100100100100101397e-01,1.738984137005267883e+00
9.122122122122122700e-01,1.801737705504865117e+00
9.144144144144144004e-01,1.744618981014224079e+00
9.166166166166167528e-01,1.914735644620279453e+00
9.188188188188188832e-01,2.031533896921613458e+00
9.210210210210210136e-01,1.975896718380569128e+00
9.232232232232233660e-01,2.071599087119724736e+00
9.254254254254254963e-01,2.060862860207623548e+00
9.276276276276276267e-01,2.108587788800202478e+00
9.298298298298297571e-01,2.340251120927800965e+00
9.320320320320321095e-01,2.408137684631654452e+00
9.342342342342342398e-01,2.470702839795475114e+00
9.364364364364363702e-01,2.538733459075991128e+00
9.386386386386387226e-01,2.641561297485672810e+00
9.408408408408408530e-01,2.511862746963908766e+00
9.430430430430429833e-01,2.673221245952261960e+00
9.452452452452453358e-01,2.535055735577467662e+00
9.474474474474474661e-01,2.609082229739966952e+00
9.496496496496495965e-01,2.499223031242019832e+00
9.518518518518519489e-01,2.489030849530939893e+00
9.540540540540540793e-01,2.413730759198881692e+00
9.562562562562562096e-01,2.397436715351159542e+00
9.584584584584585620e-01,2.367078646908778783e+00
9.606606606606606924e-01,2.342517867839526424e+00
9.628628628628628228e-01,2.391087815752952483e+00
9.650650650650651752e-01,2.321454905783376876e+00
9.672672672672673055e-01,2.365818500542591352e+00
9.694694694694694359e-01,2.363526504901975578e+00
9.716716716716717883e-01,2.515231668115813779e+00
9.738738738738739187e-01,2.490596161354670546e+00
9.760760760760760490e-01,2.449276108668069440e+00
9.782782782782784015e-01,2.508747925821048330e+00
9.804804804804805318e-01,2.477915165327028379e+00
9.826826826826826622e-01,2.568097871601569882e+00
9.848848848848850146e-01,2.545093722681256221e+00
9.870870870870871450e-01,2.589458393638037315e+00
9.892892892892892753e-01,2.585040159222421696e+00
9.914914914914916277e-01,2.614711567849988594e+00
9.936936936936937581e-01,2.719978927256899048e+00
9.958958958958958885e-01,2.701259904807927548e+00
9.980980980980982409e-01,2.688338342293778993e+00
1.000300300300300371e+00,2.645837072531279421e+00
1.002502502502502502e+00,2.723129063617476309e+00
1.004704704704704854e+00,2.668258658217155244e+00
1.006906906906906984e+00,2.653858859543286819e+00
1.009109109109109115e+00,2.757112312079029515e+00
1.011311311311311245e+00,2.768028455450701308e+00
1.013513513513513598e+00,2.788899100565614741e+00
1.015715715715715728e+00,2.720841835211504023e+00
1.017917917917917858e+00,2.733627513693422717e+00
1.020120120120120211e+00,2.736629195559549643e+00
1.022322322322322341e+00,2.841061235336198365e+00
1.024524524524524471e+00,2.755859682238408492e+00
1.026726726726726824e+00,2.858258112128420514e+00
1.028928928928928954e+00,2.717122021117829966e+00
1.031131131131131085e+00,2.800744950010286338e+00
1.033333333333333437e+00,2.864196344494914559e+00
1.035535535535535567e+00,2.788404359455778803e+00
1.037737737737737698e+00,2.844684376048258301e+00
1.039939939939940050e+00,2.858544489287148327e+00
1.042142142142142180e+00,2.861223741915387198e+00
1.044344344344344311e+00,2.857178118155842661e+00
1.046546546546546663e+00,2.925196440436661938e+00
1.048748748748748794e+00,2.873912632017099344e+00
1.050950950950950924e+00,2.952401356795330223e+00
1.053153153153153276e+00,2.927148272182472422e+00
1.055355355355355407e+00,2.880554054892845883e+00
1.057557557557557537e+00,2.930606079493672134e+00
1.059759759759759890e+00,2.921529315223748036e+00
1.061961961961962020e+00,2.980268644066363937e+00
1.064164164164164150e+00,2.949099080179208077e+00
1.066366366366366503e+00,2.909616348344479242e+00
1.068568568568568633e+00,3.057900696440251309e+00
1.070770770770770763e+00,3.145914958627060276e+00
1.072972972972973116e+00,3.204490316540787642e+00
1.075175175175175246e+00,3.139645804334364243e+00
1.077377377377377377e+00,3.246701311748957597e+00
1.079579579579579729e+00,3.253286687106951458e+00
1.081781781781781859e+00,3.367072465519274527e+00
1.083983983983983990e+00,3.393813308357201741e+00
1.086186186186186120e+00,3.529333562188490259e+00
1.088388388388388472e+00,3.469956542174166714e+00
1.090590590590590603e+00,3.672185585719655698e+00
1.092792792792792733e+00,3.675134739480528712e+00
1.094994994994995086e+00,3.718260029960705371e+00
1.097197197197197216e+00,3.820529901506088954e+00
1.099399399399399346e+00,3.756866177735686652e+00
1.101601601601601699e+00,3.756087232720674240e+00
1.103803803803803829e+00,3.798165895123668534e+00
1.106006006006005959e+00,3.758444785246193742e+00
1.108208208208208312e+00,3.804168060618781322e+00
1.110410410410410442e+00,3.772294864967109973e+00
1.112612612612612573e+00,3.615504894851008455e+00
1.114814814814814925e+00,3.576699049925444740e+00
1.117017017017017055e+00,3.536911028482727648e+00
1.119219219219219186e+00,3.576138994229526080e+00
1.121421421421421538e+00,3.380536537273233666e+00
1.123623623623623669e+00,3.383895574439470977e+00
1.125825825825825799e+00,3.434598273317456929e+00
1.128028028028028151e+00,3.438375257088237547e+00
1.130230230230230282e+00,3.378567166492329576e+00
1.132432432432432412e+00,3.377088606815241700e+00
1.134634634634634764e+00,3.346170439099497962e+00
1.136836836836836895e+00,3.333439918060807194e+00
1.139039039039039025e+00,3.360744952696131715e+00
1.141241241241241378e+00,3.278241140149931176e+00
1.143443443443443508e+00,3.441429301151694542e+00
1.145645645645645638e+00,3.295084819352636085e+00
1.147847847847847991e+00,3.437119809974250373e+00
1.150050050050050121e+00,3.483418588043392550e+00
1.152252252252252251e+00,3.410475356560331406e+00
1.154454454454454604e+00,3.466911154218595303e+00
1.156656656656656734e+00,3.334191762156207162e+00
1.158858858858858865e+00,3.527368913125273675e+00
1.161061061061061217e+00,3.542787590229116823e+00
1.163263263263263347e+00,3.540873146141353178e+00
1.165465465465465478e+00,3.530995053016195762e+00
1.167667667667667608e+00,3.579396184445579721e+00
1.169869869869869961e+00,3.522514215404886961e+00
1.172072072072072091e+00,3.604504441244682944e+00
1.174274274274274221e+00,3.584107008598822475e+00
1.176476476476476574e+00,3.643973213875628669e+00
1.178678678678678704e+00,3.618291774712417475e+00
1.180880880880880834e+00,3.675663386794337573e+00
1.183083083083083187e+00,3.680439254833300478e+00
1.185285285285285317e+00,3.588187082313579079e+00
1.187487487487487448e+00,3.688599908399703864e+00
1.189689689689689800e+00,3.667503357422593702e+00
1.191891891891891930e+00,3.724612643105289056e+00
1.194094094094094061e+00,3.734671458870582494e+00
1.196296296296296413e+00,3.800402509757767611e+00
1.198498498498498543e+00,3.716789751652725293e+00
1.200700700700700674e+00,3.671966570934026564e+00
1.202902902902903026e+00,3.764498061563946063e+00
1.205105105105105157e+00,3.836766766913918048e+00
1.207307307307307287e+00,3.815394776337036831e+00
1.209509509509509639e+00,3.851235483286465033e+00
1.211711711711711770e+00,3.851233632020293118e+00
1.213913913913913900e+00,3.870906179929922697e+00
1.216116116116116252e+00,3.873473860250978174e+00
1.218318318318318383e+00,3.894768101659855208e+00
1.220520520520520513e+00,3.856731029343550610e+00
1.222722722722722866e+00,3.958631657019088035e+00
1.224924924924924996e+00,3.929372528267123688e+00
1.227127127127127126e+00,3.896392733860484014e+00
1.229329329329329479e+00,3.965262253246298219e+00
1.231531531531531609e+00,4.042456124293799746e+00
1.233733733733733740e+00,4.095301150892765030e+00
1.235935935935936092e+00,3.996909806713257574e+00
1.238138138138138222e+00,4.071007782093573724e+00
1.240340340340340353e+00,4.059313906746389478e+00
1.242542542542542705e+00,4.065566222623782977e+00
1.244744744744744835e+00,4.106702675257359658e+00
1.246946946946946966e+00,4.103166466355134823e+00
1.249149149149149096e+00,4.071150555925493464e+00
1.251351351351351449e+00,4.122785067238813994e+00
1.253553553553553579e+00,4.149899132258259904e+00
1.255755755755755709e+00,4.115769503140380259e+00
1.257957957957958062e+00,4.136913232226108406e+00
1.260160160160160192e+00,4.148305350157155402e+00
1.262362362362362322e+00,4.135483398926032450e+00
1.264564564564564675e+00,4.212828831517173356e+00
1.266766766766766805e+00,4.284520832853920602e+00
1.268968968968968936e+00,4.217073312657834805e+00
1.271171171171171288e+00,4.238845863299503414e+00
1.273373373373373418e+00,4.280663189033822924e+00
1.275575575575575549e+00,4.260665238306152958e+00
1.277777777777777901e+00,4.297852648975085899e+00
1.279979979979980032e+00,4.261945727000899353e+00
1.282182182182182162e+00,4.283470273064978961e+00
1.284384384384384514e+00,4.307928139703603776e+00
1.286586586586586645e+00,4.364057576175814468e+00
1.288788788788788775e+00,4.299016153202376067e+00
1.290990990990991127e+00,4.303923633837537288e+00
1.293193193193193258e+00,4.382505434101194197e+00
1.295395395395395388e+00,4.399602482588211849e+00
1.297597597597597741e+00,4.376917509447027399e+00
1.299799799799799871e+00,4.383968945513556648e+00
1.302002002002002223e+00,4.358965918982669052e+00
1.304204204204204354e+00,4.522013302439392923e+00
1.306406406406406484e+00,4.343576436621897408e+00
1.308608608608608614e+00,4.521771500609079730e+00
1.310810810810810967e+00,4.411767986268519515e+00
1.313013013013013097e+00,4.448014536687270315e+00
1.315215215215215228e+00,4.516454463655823481e+00
1.317417417417417580e+00,4.653702657396520337e+00
1.319619619619619710e+00,4.490614826007892191e+00
1.321821821821821841e+00,4.499316606188703105e+00
1.324024024024024193e+00,4.576889023960671210e+00
1.326226226226226323e+00,4.519746894460214826e+00
1.328428428428428454e+00,4.540313307429438616e+00
1.330630630630630806e+00,4.508662976175605408e+00
1.332832832832832937e+00,4.623045552465128161e+00
1.335035035035035067e+00,4.481226322060139822e+00
1.337237237237237419e+00,4.594849339909084840e+00
1.339439439439439550e+00,4.677740704333379185e+00
1.341641641641641680e+00,4.650062117891659241e+00
1.343843843843844033e+00,4.596957221341781086e+00
1.346046046046046163e+00,4.717913920625544932e+00
1.348248248248248293e+00,4.575564198712426922e+00
1.350450450450450646e+00,4.638932368708747589e+00
1.352652652652652776e+00,4.727172941802705530e+00
1.354854854854854906e+00,4.650469143871364786e+00
1.357057057057057259e+00,4.675120747517352626e+00
1.359259259259259389e+00,4.661765255387360085e+00
1.361461461461461520e+00,4.701461579417815173e+00
1.363663663663663872e+00,4.711140757850318828e+00
1.365865865865866002e+00,4.745460786434144929e+00
1.368068068068068133e+00,4.744822167914289679e+00
1.370270270270270485e+00,4.793939197202247371e+00
1.372472472472472615e+00,4.738146811108087775e+00
1.374674674674674746e+00,4.757835026036330461e+00
1.376876876876877098e+00,4.737519682749244510e+00
1.379079079079079229e+00,4.804770492849855579e+00
1.381281281281281359e+00,4.748746849070494491e+00
1.383483483483483711e+00,4.778925395566520962e+00
1.385685685685685842e+00,4.772144653038799866e+00
1.387887887887887972e+00,4.703622525366720097e+00
1.390090090090090102e+00,4.839169864431869250e+00
1.392292292292292455e+00,4.806070654449852597e+00
1.394494494494494585e+00,4.806554595453977896e+00
1.396696696696696716e+00,4.811076925335589394e+00
1.398898898898899068e+00,4.853722685441793416e+00
1.401101101101101198e+00,4.885186507275432355e+00
1.403303303303303329e+00,4.888079587500298473e+00
1.405505505505505681e+00,5.035947899139756601e+00
1.407707707707707812e+00,4.901005264304474807e+00
1.409909909909909942e+00,5.084112002459440838e+00
1.412112112112112294e+00,5.018717563958243311e+00
1.414314314314314425e+00,5.096086847807431930e+00
1.416516516516516555e+00,4.977508878679596904e+00
1.418718718718718907e+00,5.098959143248711356e+00
1.420920920920921038e+00,5.124686586472595451e+00
1.423123123123123168e+00,5.307224186394452481e+00
1.425325325325325521e+00,5.188228339080501961e+00
1.427527527527527651e+00,5.313645012344590413e+00
1.429729729729729781e+00,5.407645955130012894e+00
1.431931931931932134e+00,5.497430575004837117e+00
1.434134134134134264e+00,5.479178601559037354e+00
1.436336336336336394e+00,5.544208055447904293e+00
1.438538538538538747e+00,5.489423703954813050e+00
1.440740740740740877e+00,5.542229355002973534e+00
1.442942942942943008e+00,5.498108859672375281e+00
1.445145145145145360e+00,5.567844828576230753e+00
1.447347347347347490e+00,5.472398372994822680e+00
1.449549549549549621e+00,5.528057745648542465e+00
1.451751751751751973e+00,5.439727819639784911e+00
1.453953953953954104e+00,5.342017448855537864e+00
1.456156156156156234e+00,5.309781556157907367e+00
1.458358358358358586e+00,5.206335427567249319e+00
1.460560560560560717e+00,5.172153854760241032e+00
1.462762762762762847e+00,5.117136304261370228e+00
1.464964964964965199e+00,5.121146733806212659e+00
1.467167167167167330e+00,5.241178143417958069e+00
1.469369369369369460e+00,5.029990376269373620e+00
1.471571571571571591e+00,5.090590380935865689e+00
1.473773773773773943e+00,5.026099634955616402e+00
1.475975975975976073e+00,5.086852987346655475e+00
1.478178178178178204e+00,4.936946116408057250e+00
1.480380380380380556e+00,4.939559335958399799e+00
1.482582582582582686e+00,4.955668854664171619e+00
1.484784784784784817e+00,4.939926493116811201e+00
1.486986986986987169e+00,5.005268473299714138e+00
1.489189189189189300e+00,5.005060941506092043e+00
1.491391391391391430e+00,4.982410011237299763e+00
1.493593593593593782e+00,5.047956355069164402e+00
1.495795795795795913e+00,5.034492574480618821e+00
1.497997997997998043e+00,5.086461616043763456e+00
1.500200200200200396e+00,4.954982997374689724e+00
1.502402402402402526e+00,4.974280963250840237e+00
1.504604604604604656e+00,4.908572206070663135e+00
1.506806806806807009e+00,4.980830429615298982e+00
1.509009009009009139e+00,5.012240130074293809e+00
1.511211211211211269e+00,5.010850331928667245e+00
1.513413413413413622e+00,4.891725891360644063e+00
1.515615615615615752e+00,4.982532383691249400e+00
1.517817817817817883e+00,5.024764438881781814e+00
1.520020020020020235e+00,5.046495236712694066e+00
1.522222222222222365e+00,5.015691774150428550e+00
1.524424424424424496e+00,4.917081079713056191e+00
1.526626626626626848e+00,5.024603270317478554e+00
1.528828828828828978e+00,4.911992342033914660e+00
1.531031031031031109e+00,5.007995237100632657e+00
1.533233233233233461e+00,5.072579887483727568e+00
1.535435435435435592e+00,4.999266351152604315e+00
1.537637637637637722e+00,4.954985161767536894e+00
1.539839839839840074e+00,5.061637472851730379e+00
1.542042042042042205e+00,4.927931967457314322e+00
1.544244244244244335e+00,4.988481298463140590e+00
1.546446446446446688e+00,5.023978021007494021e+00
1.548648648648648818e+00,4.939283340876089667e+00
1.550850850850850948e+00,4.972008902159007704e+00
1.553053053053053079e+00,4.987895398108880940e+00
1.555255255255255431e+00,5.009606667648592193e+00
1.557457457457457561e+00,4.910699537627722933e+00
1.559659659659659692e+00,4.983824067967592697e+00
1.561861861861862044e+00,4.925775267183489348e+00
1.564064064064064175e+00,4.897451594565525923e+00
1.566266266266266305e+00,4.895610570645883897e+00
1.568468468468468657e+00,4.897757092883346708e+00
1.570670670670670788e+00,4.916634653536601007e+00
1.572872872872872918e+00,4.944873192964742259e+00
1.575075075075075270e+00,4.955226978827754536e+00
1.577277277277277401e+00,4.866508987086101357e+00
1.579479479479479531e+00,4.908200415776262204e+00
1.581681681681681884e+00,4.853656668434967791e+00
1.583883883883884014e+00,4.881427033125095072e+00
1.586086086086086144e+00,4.882125650772793257e+00
1.588288288288288497e+00,4.933663822140679223e+00
1.590490490490490627e+00,4.835979901693010063e+00
1.592692692692692757e+00,4.908919647781594620e+00
1.594894894894895110e+00,4.837192231763284944e+00
1.597097097097097240e+00,4.936009240660394148e+00
1.599299299299299371e+00,4.885486319579555925e+00
1.601501501501501723e+00,4.835990582740277155e+00
1.603703703703703853e+00,4.847290478276262249e+00
1.605905905905905984e+00,5.035827302688725915e+00
1.608108108108108336e+00,5.037798742724256762e+00
1.610310310310310467e+00,4.970712242128455749e+00
1.612512512512512597e+00,5.054568342587321794e+00
1.614714714714714949e+00,5.037672071782517413e+00
1.616916916916917080e+00,5.087132969147452499e+00
1.619119119119119210e+00,5.069739636391347837e+00
1.621321321321321562e+00,5.199205399123816740e+00
1.623523523523523693e+00,5.211662182167192903e+00
1.625725725725725823e+00,5.371482358253231837e+00
1.627927927927928176e+00,5.389335604814156078e+00
1.630130130130130306e+00,5.522085903464071244e+00
1.632332332332332436e+00,5.492903884666570313e+00
1.634534534534534567e+00,5.641332219654137781e+00
1.636736736736736919e+00,5.669852827065510859e+00
1.638938938938939049e+00,5.726194473555441533e+00
1.641141141141141180e+00,5.763855981859466127e+00
1.643343343343343532e+00,5.910854013692242503e+00
1.645545545545545663e+00,5.846616160526736827e+00
1.647747747747747793e+00,5.831775994409130526e+00
1.649949949949950145e+00,5.841112520145477660e+00
1.652152152152152276e+00,5.791906637527672430e+00
1.654354354354354406e+00,5.799967501059527741e+00
1.656556556556556759e+00,5.765961666563522492e+00
1.658758758758758889e+00,5.654944533531212514e+00
1.660960960960961019e+00,5.560565540409069918e+00
1.663163163163163372e+00,5.568301257669008741e+00
1.665365365365365502e+00,5.423322126216553407e+00
1.667567567567567632e+00,5.331393618754353803e+00
1.669769769769769985e+00,5.235322912944891272e+00
1.671971971971972115e+00,5.270111547377970496e+00
1.674174174174174246e+00,5.120647429414139751e+00
1.676376376376376598e+00,5.084795072748388378e+00
1.678578578578578728e+00,5.055884891140236093e+00
1.680780780780780859e+00,4.844344412936320232e+00
1.682982982982983211e+00,4.800332663875809480e+00
1.685185185185185341e+00,4.711678093399100931e+00
1.687387387387387472e+00,4.649848903098798836e+00
1.689589589589589824e+00,4.699698416377594334e+00
1.691791791791791955e+00,4.642944689166795591e+00
1.693993993993994085e+00,4.627790324100224062e+00
1.696196196196196437e+00,4.568669846755933683e+00
1.698398398398398568e+00,4.421877514200657444e+00
1.700600600600600698e+00,4.413290813105235522e+00
1.702802802802803050e+00,4.369166460149935816e+00
1.705005005005005181e+00,4.421770127943234208e+00
1.707207207207207311e+00,4.401287080235410265e+00
1.709409409409409664e+00,4.399031303380777302e+00
1.711611611611611794e+00,4.345148896941497085e+00
1.713813813813813924e+00,4.378654218975725598e+00
1.716016016016016055e+00,4.408340760069208386e+00
1.718218218218218407e+00,4.293686321707309794e+00
1.720420420420420538e+00,4.328916280971718322e+00
1.722622622622622668e+00,4.207817576551581951e+00
1.724824824824825020e+00,4.220808589186261450e+00
1.727027027027027151e+00,4.240749562940344219e+00
1.729229229229229281e+00,4.258654196161185013e+00
1.731431431431431633e+00,4.258705050856564256e+00
1.733633633633633764e+00,4.175888964888802235e+00
1.735835835835835894e+00,4.303538102078833916e+00
1.738038038038038247e+00,4.157819960290885852e+00
1.740240240240240377e+00,4.178254426771369268e+00
1.742442442442442507e+00,4.136170665205833430e+00
1.744644644644644860e+00,4.244794313385319207e+00
1.746846846846846990e+00,4.223446316278249846e+00
1.749049049049049120e+00,4.086867809608176749e+00
1.751251251251251473e+00,4.112159116995292685e+00
1.753453453453453603e+00,4.034110212889029157e+00
1.755655655655655734e+00,4.043441752709808767e+00
1.757857857857858086e+00,4.077122470820081723e+00
1.760060060060060216e+00,4.019296651499305817e+00
1.762262262262262347e+00,4.007351295943915481e+00
1.764464464464464699e+00,4.082800173206114991e+00
1.766666666666666829e+00,4.065909880469682491e+00
1.768868868868868960e+00,3.938648239287756869e+00
1.771071071071071312e+00,3.931801702389015496e+00
1.773273273273273443e+00,4.023471150504150273e+00
1.775475475475475573e+00,3.980269359371736204e+00
1.777677677677677925e+00,3.952876283884293684e+00
1.779879879879880056e+00,3.871175260980355581e+00
1.782082082082082186e+00,3.988742064538161269e+00
1.784284284284284539e+00,3.891547568929420553e+00
1.786486486486486669e+00,3.823837113740162774e+00
1.788688688688688799e+00,3.830383102256583072e+00
1.790890890890890930e+00,3.752200728060028023e+00
1.793093093093093282e+00,3.783849770220045095e+00
1.795295295295295412e+00,3.891031327661013339e+00
1.797497497497497543e+00,3.718487515741526028e+00
1.799699699699699895e+00,3.777375537992704313e+00
1.801901901901902026e+00,3.729360072958508798e+00
1.804104104104104156e+00,3.723956205545370768e+00
1.806306306306306508e+00,3.655551551141863698e+00
1.808508508508508639e+00,3.708615495950353225e+00
1.810710710710710769e+00,3.591028380270568920e+00
1.812912912912913121e+00,3.642867871407169389e+00
1.815115115115115252e+00,3.688493869115345269e+00
1.817317317317317382e+00,3.751504378112032523e+00
1.819519519519519735e+00,3.648027111863978433e+00
1.821721721721721865e+00,3.608219059007014451e+00
1.823923923923923995e+00,3.651027276540447897e+00
1.826126126126126348e+00,3.633876701970092604e+00
1.828328328328328478e+00,3.621657243153070471e+00
1.830530530530530609e+00,3.550408359032212413e+00
1.832732732732732961e+00,3.513280162873432477e+00
1.834934934934935091e+00,3.514861075675159707e+00
1.837137137137137222e+00,3.489437685884995144e+00
1.839339339339339574e+00,3.547116717560429677e+00
1.841541541541541704e+00,3.474109505225977390e+00
1.843743743743743835e+00,3.485653898540785889e+00
1.845945945945946187e+00,3.456239005581948742e+00
1.848148148148148318e+00,3.363919053523102498e+00
1.850350350350350448e+00,3.436424952703226232e+00
1.852552552552552800e+00,3.335707611453322396e+00
1.854754754754754931e+00,3.297256877357519045e+00
1.856956956956957061e+00,3.273005462479912531e+00
1.859159159159159413e+00,3.376219928673952708e+00
1.861361361361361544e+00,3.358359371122865866e+00
1.863563563563563674e+00,3.349435437236052415e+00
1.865765765765766027e+00,3.307412494377329537e+00
1.867967967967968157e+00,3.213871295050729771e+00
1.870170170170170287e+00,3.295541643632454498e+00
1.872372372372372418e+00,3.220986136666084576e+00
1.874574574574574770e+00,3.260045021683010358e+00
1.876776776776776900e+00,3.188272089819953248e+00
1.878978978978979031e+00,3.126763807933420125e+00
1.881181181181181383e+00,3.221222375656517478e+00
1.883383383383383514e+00,3.211857563454779463e+00
1.885585585585585644e+00,3.115733393596938239e+00
1.887787787787787996e+00,3.122332098104213749e+00
1.889989989989990127e+00,3.137828040475922897e+00
1.892192192192192257e+00,3.129589211297904683e+00
1.894394394394394610e+00,3.138591578277004412e+00
1.896596596596596740e+00,3.055106435664829867e+00
1.898798798798798870e+00,2.951288968514975686e+00
1.901001001001001223e+00,3.074215343333455586e+00
1.903203203203203353e+00,2.973090172372556239e+00
1.905405405405405483e+00,3.031500269351159904e+00
1.907607607607607836e+00,3.017208890607030014e+00
1.909809809809809966e+00,3.069001273132846652e+00
1.912012012012012097e+00,2.991025971275895312e+00
1.914214214214214449e+00,2.906815900832325994e+00
1.916416416416416579e+00,2.918324212858685929e+00
1.918618618618618710e+00,2.814696255524762325e+00
1.920820820820821062e+00,2.749301289517713798e+00
1.923023023023023192e+00,2.761374599746468483e+00
1.925225225225225323e+00,2.797817608010168211e+00
1.927427427427427675e+00,2.863561709014687207e+00
1.929629629629629806e+00,2.813727903621171311e+00
1.931831831831831936e+00,2.863892692430212605e+00
1.934034034034034288e+00,2.762016597460729361e+00
1.936236236236236419e+00,2.738645804977638765e+00
1.938438438438438549e+00,2.757171466641688884e+00
1.940640640640640902e+00,2.754253675527626566e+00
1.942842842842843032e+00,2.759901252576802744e+00
1.945045045045045162e+00,2.725428383510246633e+00
1.947247247247247515e+00,2.705367868064880721e+00
1.949449449449449645e+00,2.701385809016920270e+00
1.951651651651651775e+00,2.734709289544474231e+00
1.953853853853853906e+00,2.650534639099932477e+00
1.956056056056056258e+00,2.644465797621727621e+00
1.958258258258258389e+00,2.671862308542784614e+00
1.960460460460460519e+00,2.779802151632975171e+00
1.962662662662662871e+00,2.732493723704916722e+00
1.964864864864865002e+00,2.752134538179753065e+00
1.967067067067067132e+00,2.739870437777057521e+00
1.969269269269269484e+00,2.839023365639810059e+00
1.971471471471471615e+00,2.842777050045845577e+00
1.973673673673673745e+00,2.999831029632180179e+00
1.975875875875876098e+00,2.897294969516163832e+00
1.978078078078078228e+00,2.877674400888819317e+00
1.980280280280280358e+00,3.056428459915664586e+00
1.982482482482482711e+00,3.037980726494963868e+00
1.984684684684684841e+00,3.035272258310304228e+00
1.986886886886886971e+00,3.024462731509544255e+00
1.989089089089089324e+00,3.159946947028734687e+00
1.991291291291291454e+00,3.173819053611630636e+00
1.993493493493493585e+00,3.235885487063344890e+00
1.995695695695695937e+00,3.196026435689974132e+00
1.997897897897898067e+00,3.151746717270507148e+00
2.000100100100099976e+00,3.149109883749937833e+00
2.002302302302302550e+00,3.171723538720233382e+00
2.004504504504504681e+00,3.205044865692740164e+00
2.006706706706706811e+00,3.080114058574922264e+00
2.008908908908908941e+00,3.075224217468827348e+00
2.011111111111111072e+00,3.111950668713156176e+00
2.013313313313313202e+00,2.905762391567037195e+00
2.015515515515515776e+00,2.901958117768749901e+00
2.017717717717717907e+00,2.761346989104090266e+00
2.019919919919920037e+00,2.757067030061203017e+00
2.022122122122122168e+00,2.630945756656968726e+00
2.024324324324324298e+00,2.485915070565657636e+00
2.026526526526526428e+00,2.454888824293443239e+00
2.028728728728729003e+00,2.411704037517956589e+00
2.030930930930931133e+00,2.321209728833729447e+00
2.033133133133133263e+00,2.231385552942446893e+00
2.035335335335335394e+00,2.206566137108830095e+00
2.037537537537537524e+00,2.203705258561599489e+00
2.039739739739739655e+00,2.131172968132132084e+00
2.041941941941941785e+00,2.134530663829163899e+00
2.044144144144144359e+00,2.018700128790024362e+00
2.046346346346346490e+00,1.989889134625702827e+00
2.048548548548548620e+00,1.981189469119595037e+00
2.050750750750750750e+00,2.100935818433331992e+00
2.052952952952952881e+00,2.019478156625248655e+00
2.055155155155155011e+00,1.924019879171545933e+00
2.057357357357357586e+00,1.881740355602230741e+00
2.059559559559559716e+00,1.781238246452435670e+00
2.061761761761761846e+00,1.801410623657061505e+00
2.063963963963963977e+00,1.779738840498491959e+00
2.066166166166166107e+00,1.932670443608881738e+00
2.068368368368368237e+00,1.832699944579674556e+00
2.070570570570570812e+00,1.753909743043303493e+00
2.072772772772772942e+00,1.847245473747897826e+00
2.074974974974975073e+00,1.733861003676914425e+00
2.077177177177177203e+00,1.736368163987789925e+00
2.079379379379379333e+00,1.745824287165988142e+00
2.081581581581581464e+00,1.750732768237562187e+00
2.083783783783784038e+00,1.758824898478726917e+00
2.085985985985986169e+00,1.742911011246220054e+00
2.088188188188188299e+00,1.781852378777690316e+00
2.090390390390390429e+00,1.634202906435594072e+00
2.092592592592592560e+00,1.679864465582427968e+00
2.094794794794794690e+00,1.748096406377896539e+00
2.096996996996997265e+00,1.646667983148398129e+00
2.099199199199199395e+00,1.643013490682924571e+00
2.101401401401401525e+00,1.669164927282532185e+00
2.103603603603603656e+00,1.662117989931801043e+00
2.105805805805805786e+00,1.539057331106230775e+00
2.108008008008007916e+00,1.620365790140531947e+00
2.110210210210210491e+00,1.614105019583682799e+00
2.112412412412412621e+00,1.547920760665256301e+00
2.114614614614614752e+00,1.572515076744762208e+00
2.116816816816816882e+00,1.551679922665967215e+00
2.119019019019019012e+00,1.539516325577158673e+00
2.121221221221221143e+00,1.607324020774295814e+00
2.123423423423423273e+00,1.510043160619596980e+00
2.125625625625625847e+00,1.466462464571185897e+00
2.127827827827827978e+00,1.477765411427613529e+00
2.130030030030030108e+00,1.471104743315052588e+00
2.132232232232232239e+00,1.363891720084131398e+00
2.134434434434434369e+00,1.397914744647695384e+00
2.136636636636636499e+00,1.396910931281009294e+00
2.138838838838839074e+00,1.414754196803946540e+00
2.141041041041041204e+00,1.416085395736551567e+00
2.143243243243243334e+00,1.356155573381891299e+00
2.145445445445445465e+00,1.392044025370828164e+00
2.147647647647647595e+00,1.355846185810139382e+00
2.149849849849849726e+00,1.253985248612967895e+00
2.152052052052052300e+00,1.282511194558142220e+00
2.154254254254254430e+00,1.343428468296907097e+00
2.156456456456456561e+00,1.299250481707659555e+00
2.158658658658658691e+00,1.323458095275032109e+00
2.160860860860860821e+00,1.168724391688702013e+00
2.163063063063062952e+00,1.286336215709823039e+00
2.165265265265265526e+00,1.220974113050775856e+00
2.167467467467467657e+00,1.235400706537405524e+00
2.169669669669669787e+00,1.192227119087730713e+00
2.171871871871871917e+00,1.242091500226059297e+00
2.174074074074074048e+00,1.275707347149858562e+00
2.176276276276276178e+00,1.225409065684891941e+00
2.178478478478478753e+00,1.180857186162178385e+00
2.180680680680680883e+00,1.147797757552893039e+00
2.182882882882883013e+00,1.151837889458866115e+00
2.185085085085085144e+00,1.157578584901911123e+00
2.187287287287287274e+00,1.117406161897055883e+00
2.189489489489489404e+00,1.176037255260009795e+00
2.191691691691691979e+00,1.186155375901408737e+00
2.193893893893894109e+00,1.116618713766823756e+00
2.196096096096096240e+00,1.072647666407079425e+00
2.198298298298298370e+00,1.051110899739531090e+00
2.200500500500500500e+00,1.039444848112585751e+00
2.202702702702702631e+00,9.693080621986818191e-01
2.204904904904904761e+00,1.027815124130981861e+00
2.207107107107107336e+00,9.903491450582383449e-01
2.209309309309309466e+00,1.089239385041927743e+00
2.211511511511511596e+00,1.088953175182634014e+00
2.213713713713713727e+00,1.045570255688448524e+00
2.215915915915915857e+00,1.003896442960313218e+00
2.218118118118117987e+00,9.857848143771039684e-01
2.220320320320320562e+00,9.608499356539428327e-01
2.222522522522522692e+00,1.045965567333388302e+00
2.224724724724724823e+00,1.010427168994028291e+00
2.226926926926926953e+00,9.454869276837533087e-01
2.229129129129129083e+00,9.756218491983889018e-01
2.231331331331331214e+00,9.606346070347902000e-01
2.233533533533533788e+00,9.308278969502907785e-01
2.235735735735735918e+00,8.078714398475920211e-01
2.237937937937938049e+00,1.033870736765698961e+00
2.240140140140140179e+00,8.264594765717613312e-01
2.242342342342342310e+00,8.595090829464751003e-01
2.244544544544544440e+00,9.049637655240871936e-01
2.246746746746747014e+00,8.712801723377431307e-01
2.248948948948949145e+00,9.261468767620046894e-01
2.251151151151151275e+00,9.895634846999770140e-01
2.253353353353353405e+00,8.976125469227296261e-01
2.255555555555555536e+00,8.921603243826045082e-01
2.257757757757757666e+00,9.352730032312979169e-01
2.259959959959960241e+00,7.979545244052198560e-01
2.262162162162162371e+00,7.560044614467225088e-01
2.264364364364364501e+00,8.571515312936266451e-01
2.266566566566566632e+00,7.268935760962487169e-01
2.268768768768768762e+00,9.056416770397631710e-01
2.270970970970970892e+00,7.535565060804921833e-01
2.273173173173173023e+00,8.086549231329188681e-01
2.275375375375375597e+00,7.038499766629896515e-01
2.277577577577577728e+00,6.895397592193674985e-01
2.279779779779779858e+00,7.748913009506752658e-01
2.281981981981981988e+00,7.995408668885827241e-01
2.284184184184184119e+00,7.505715140949853481e-01
2.286386386386386249e+00,7.189910542438893160e-01
2.288588588588588824e+00,7.606642416820712516e-01
2.290790790790790954e+00,7.890686282748834435e-01
2.292992992992993084e+00,7.163818409229385509e-01
2.295195195195195215e+00,7.992909303232906826e-01
2.297397397397397345e+00,5.948529801891094815e-01
2.299599599599599475e+00,6.625492834987788404e-01
2.301801801801801606e+00,7.162043152072999908e-01
2.304004004004004180e+00,5.857202931774715404e-01
2.306206206206206311e+00,6.677559060071284192e-01
2.308408408408408441e+00,6.189054070921051753e-01
2.310610610610610571e+00,6.837852267088447844e-01
2.312812812812812702e+00,6.077943249159007966e-01
2.315015015015014832e+00,5.903680134491164910e-01
2.317217217217216962e+00,5.693658218906958446e-01
2.319419419419419537e+00,6.365835486156404821e-01
2.321621621621621667e+00,6.181034584542846044e-01
2.323823823823823798e+00,6.835176520102259623e-01
2.326026026026025928e+00,6.222004305894026643e-01
2.328228228228228058e+00,5.453981363798592330e-01
2.330430430430430189e+00,4.835886258738706922e-01
2.332632632632632763e+00,5.907680031185308378e-01
2.334834834834834894e+00,5.475355906108367865e-01
2.337037037037037024e+00,5.480983805851972201e-01
2.339239239239239154e+00,5.220530319274103714e-01
2.341441441441441285e+00,4.761321068042113636e-01
2.343643643643643415e+00,5.837789576886968090e-01
2.345845845845845989e+00,5.445194561354519402e-01
2.348048048048048120e+00,5.071388981616506975e-01
2.350250250250250250e+00,5.210720301231362983e-01
2.352452452452452381e+00,4.938350012292772595e-01
2.354654654654654511e+00,5.072390167721072540e-01
2.356856856856856641e+00,5.582400660341831911e-01
2.359059059059059216e+00,4.439618246787109812e-01
2.361261261261261346e+00,5.371393909898533048e-01
2.363463463463463476e+00,5.005926260716719867e-01
2.365665665665665607e+00,4.865760460162155687e-01
2.367867867867867737e+00,4.244559600865997484e-01
2.370070070070069868e+00,4.488753147456285286e-01
2.372272272272272442e+00,4.182958146090207108e-01
2.374474474474474572e+00,3.358657427810534668e-01
2.376676676676676703e+00,5.503300067210226132e-01
2.378878878878878833e+00,3.779171081121470710e-01
2.381081081081080963e+00,3.885059444765951442e-01
2.383283283283283094e+00,4.422291205006161907e-01
2.385485485485485668e+00,4.198105542790631639e-01
2.387687687687687799e+00,4.496021256769580088e-01
2.389889889889889929e+00,4.623539283600159866e-01
2.392092092092092059e+00,3.844029664156390913e-01
2.394294294294294190e+00,4.119037132456070949e-01
2.396496496496496320e+00,4.420801781486890514e-01
2.398698698698698450e+00,3.822864869839524560e-01
2.400900900900901025e+00,3.771294756498091982e-01
2.403103103103103155e+00,4.668876886152092398e-01
2.405305305305305286e+00,3.377094115759604609e-01
2.407507507507507416e+00,4.079163712369289763e-01
2.409709709709709546e+00,3.695092293664445915e-01
2.411911911911911677e+00,3.328137767258195212e-01
2.414114114114114251e+00,4.479563094033277570e-01
2.416316316316316382e+00,3.181072808590132972e-01
2.418518518518518512e+00,3.804795629881227437e-01
2.420720720720720642e+00,4.265180851398731599e-01
2.422922922922922773e+00,3.358685134454393872e-01
2.425125125125124903e+00,3.408349329408104089e-01
2.427327327327327477e+00,3.009512160279675386e-01
2.429529529529529608e+00,3.783231096640602975e-01
2.431731731731731738e+00,3.244462952916484788e-01
2.433933933933933869e+00,2.881109984872094465e-01
2.436136136136135999e+00,3.251780815782314149e-01
2.438338338338338129e+00,3.406475891767249964e-01
2.440540540540540704e+00,3.383238832887012770e-01
2.442742742742742834e+00,3.422176209684633097e-01
2.444944944944944965e+00,3.019632605560275684e-01
2.447147147147147095e+00,3.047341640579526167e-01
2.449349349349349225e+00,3.082615247320585339e-01
2.451551551551551356e+00,2.102955770358242993e-01
2.453753753753753930e+00,3.101129668758850766e-01
2.455955955955956060e+00,3.036789269622112708e-01
2.458158158158158191e+00,3.094951779295743166e-01
2.460360360360360321e+00,2.591312445649213703e-01
2.462562562562562452e+00,2.694441557721656277e-01
2.464764764764764582e+00,1.997833231569358103e-01
2.466966966966967156e+00,3.852800481406217781e-01
2.469169169169169287e+00,1.119174109814231044e-01
2.471371371371371417e+00,3.183492240643048810e-01
2.473573573573573547e+00,2.955605164642188809e-01
2.475775775775775678e+00,2.863064577378958697e-01
2.477977977977977808e+00,1.755353049911273500e-01
2.480180180180179939e+00,2.316529547333768257e-01
2.482382382382382513e+00,2.498471305345989768e-01
2.484584584584584643e+00,2.440358251662340661e-01
2.486786786786786774e+00,1.332170286278887561e-01
2.488988988988988904e+00,2.434821548684307502e-01
2.491191191191191034e+00,3.097428594345845720e-01
2.493393393393393165e+00,2.092569791112209310e-01
2.495595595595595739e+00,1.881569053598619867e-01
2.497797797797797870e+00,2.788092376674761175e-01
2.500000000000000000e+00,2.682436212889804383e-01
